Date,PS_Q_DAY,PS_DS_DAY,PS_VS_DAY,TPS_Q1_DAY,TPS_DS_DAY,TPS_VS_DAY,TWAS_DAF_QIN_DAY,TWAS_DAF_DS_DAY,TWAS_DAF_VS_DAY,TWAS_CENT_DS_DAY,TWAS_CENT_VS_DAY,DIGESTED_SLUDGE_QOUT_DAY,DIGESTED_SLUDGE_DS_3_PER_WEEK,DIGESTED_SLUDGE_VS_3_PER_WEEK,BIOGAS_PRODUCTION_Q_DAY,DIG_SLUDGE_DEWATER_FECL3_DAY,DIG_SLUDGE_DEWATER_DS_AFTER_DEWATER_3_PER_WEEK
2012-01-01,1197.0,,,199.5,,,242.5,,,,,414,,,5.064,5600.0,32.1
2012-01-02,1197.0,,,199.5,,,165.5,,,,,392,,,5.292999999999999,2800.0,32.1
2012-01-03,1197.0,0.18,60.0,199.5,2.01,89.13,241.5,5.01,87.25,,,428,2.09,77.85,5.609,4200.0,32.1
2012-01-04,1197.0,0.57,81.81,170.0,2.91,91.3,194.0,5.48,82.17,2.78,82.92,354,1.88,,4.47,5600.0,31.8
2012-01-05,1197.0,0.45,72.72,199.5,3.17,91.22,193.5,5.36,84.78,3.98,81.73,383,2.05,77.41,2.8480000000000003,5600.0,31.4
2012-01-06,1197.0,0.2,83.33,199.5,1.93,88.57,190.5,5.27,83.33,3.53,82.79,392,1.9,75.51,2.612,4200.0,31.1
2012-01-07,1197.0,,,199.5,,,229.5,,,,,454,,,3.444,1400.0,31.9
2012-01-08,1197.0,,,175.0,,,196.0,,,,,364,,,3.784,2800.0,32.4
2012-01-09,1197.0,0.83,78.57,199.5,0.89,83.36,356.5,4.97,85.18,4.23,83.17,537,1.89,73.52,4.1080000000000005,4200.0,32.3
2012-01-10,1197.0,2.09,90.32,199.5,,,218.5,4.58,85.33,4.17,87.78,414,2.095,77.975,3.641,5600.0,32.1
2012-01-11,1197.0,1.78,90.47,199.5,1.75,91.89,273.5,2.85,89.53,,,465,2.035,81.245,4.16,7000.0,31.8
2012-01-12,1197.0,2.11,88.23,199.5,2.32,89.47,171.5,2.84,85.5,,,384,1.9375,79.76,3.5980000000000003,5600.0,30.7
2012-01-13,1197.0,1.77,83.54,199.5,1.85,92.5,71.5,3.22,86.07,,,236,,,2.815,7000.0,32.0
2012-01-14,1197.0,,,199.5,,,291.5,,,,,516,,,2.428,2800.0,31.6
2012-01-15,1197.0,,,199.5,,,235.5,,,,,428,,,2.96,7000.0,31.4
2012-01-16,1197.0,1.47,89.28,199.5,3.7,87.5,384.5,2.84,84.87,,,606,1.895,76.885,3.448,2800.0,31.8
2012-01-17,1197.0,1.95,89.18,199.5,3.54,88.79,277.5,4.92,85.26,,,453,1.905,77.875,3.388,4200.0,32.2
2012-01-18,1197.0,2.2,89.74,199.5,2.22,90.0,275.5,2.77,86.15,,,460,1.89,76.8,3.9130000000000003,5600.0,31.5
2012-01-19,1197.0,1.49,88.46,199.5,1.55,88.88,267.5,2.62,85.71,,,467,1.985,79.185,4.0969999999999995,4200.0,31.5
2012-01-20,1197.0,2.18,87.87,199.5,3.74,86.86,259.5,4.58,84.96,,,414,1.97,75.465,4.0680000000000005,7000.0,34.9
2012-01-21,1197.0,,,199.5,,,164.5,,,,,411,,,4.692,4200.0,30.3
2012-01-22,1197.0,,,199.5,,,234.5,,,,,392,,,4.375,2800.0,30.7
2012-01-23,1197.0,,,199.5,,,212.5,,,,,469,,,4.248,0.0,
2012-01-24,1197.0,,,199.5,,,156.5,,,,,368,,,3.6489999999999996,0.0,
2012-01-25,1197.0,,,199.5,,,164.5,,,,,369,,,3.577,4200.0,31.4
2012-01-26,1197.0,2.3,91.89,199.5,4.92,90.0,120.5,3.73,85.29,4.07,84.61,330,1.81,78.115,3.5469999999999997,1400.0,31.5
2012-01-27,1197.0,1.63,90.9,199.5,1.7,89.65,319.5,2.71,84.78,4.44,83.33,510,1.835,76.385,4.503,2800.0,31.4
2012-01-28,1197.0,,,199.5,,,108.5,,,,,307,,,3.253,2800.0,32.0
2012-01-29,1197.0,,,199.5,,,181.5,,,,,375,,,4.162,4200.0,31.3
2012-01-30,1197.0,1.11,90.9,66.5,3.39,90.47,249.5,3.61,85.1,3.97,84.41,316,1.89,78.195,4.66,4200.0,30.2
2012-01-31,1197.0,0.65,92.3,133.0,4.42,91.51,289.0,4.2,85.86,,,425,1.895,76.805,3.946,4200.0,30.4
2012-02-01,1197.0,0.44,91.66,133.0,3.7,91.0,208.0,,,4.8,84.84,322,2.22,77.98,3.284,4200.0,30.7
2012-02-02,1197.0,0.16,80.0,66.5,3.77,90.47,233.5,,,4.08,84.33,322,1.825,76.76,3.139,5600.0,28.4
2012-02-03,1197.0,1.95,90.0,66.5,2.4,86.0,277.5,,,3.98,84.81,341,1.27,81.2,2.987,5600.0,29.9
2012-02-04,1197.0,,,133.0,,,230.0,,,,,346,,,3.176,0.0,
2012-02-05,1197.0,,,133.0,,,341.0,,,,,375,,,2.984,1400.0,30.2
2012-02-06,1197.0,0.49,92.3,66.5,1.35,92.0,242.5,,,4.43,85.71,410,1.76,80.76,3.798,5600.0,31.4
2012-02-07,1197.0,0.86,91.66,133.0,1.64,85.71,203.0,,,4.88,85.18,348,2.045,77.59,4.0089999999999995,7000.0,31.8
2012-02-08,1197.0,,,133.0,,,260.0,4.37,86.02,,,388,1.98,77.06,3.7910000000000004,4200.0,31.8
2012-02-09,1197.0,1.1,86.36,66.5,1.75,89.09,295.5,3.53,85.51,,,361,2.185,77.5,3.925,2800.0,31.9
2012-02-10,1197.0,2.31,89.58,66.5,2.58,87.67,209.5,3.92,86.15,,,282,2.11,73.68,3.22,4200.0,31.6
2012-02-11,1197.0,,,133.0,,,229.0,,,,,362,1.9,74.28,3.08,4200.0,32.0
2012-02-12,1197.0,,,66.5,,,192.5,,,,,255,,,3.048,5600.0,31.3
2012-02-13,1197.0,2.26,90.24,66.5,5.52,88.61,214.5,,,,,283,2.06,81.66,3.1,7000.0,29.5
2012-02-14,1197.0,1.77,89.28,133.0,2.49,86.56,250.0,4.63,86.31,,,337,2.82,79.47,3.105,5600.0,29.6
2012-02-15,1197.0,2.3,86.66,66.5,3.12,89.47,260.5,5.04,85.71,,,336,1.96,79.48,3.951,7000.0,29.8
2012-02-16,1197.0,2.19,86.36,66.5,3.12,91.78,212.5,,,,,288,,,4.181,5600.0,29.8
2012-02-17,1197.0,1.84,87.17,133.0,3.26,87.03,223.0,4.7,86.45,,,351,2.115,76.55,3.219,4200.0,31.7
2012-02-18,1197.0,,,133.0,,,290.0,,,,,406,,,3.3080000000000003,2800.0,30.5
2012-02-19,1197.0,,,66.5,,,341.5,,,,,407,,,3.523,4200.0,30.1
2012-02-20,1197.0,2.04,88.09,66.5,3.62,85.4,277.5,4.4,85.71,,,363,2.295,76.93,3.659,4200.0,32.0
2012-02-21,1197.0,1.78,89.47,133.0,3.57,88.0,238.0,4.7,85.12,,,363,2.14,78.735,3.06,5600.0,31.9
2012-02-22,1197.0,1.89,91.3,133.0,4.84,92.1,241.0,,,,,365,2.79,81.2,2.8789999999999996,5600.0,31.9
2012-02-23,1197.0,1.51,90.32,66.5,3.87,92.4,318.5,,,,,387,2.335,78.285,3.123,7000.0,
2012-02-24,1197.0,2.37,90.24,159.6,3.01,86.88,230.4,5.21,83.83,,,388,2.165,77.455,2.991,4200.0,28.0
2012-02-25,1197.0,,,133.0,,,310.0,,,,,438,,,3.3930000000000002,2800.0,32.7
2012-02-26,1197.0,,,199.5,,,352.5,,,,,549,,,3.5580000000000003,4200.0,33.0
2012-02-27,1197.0,0.32,90.0,66.5,4.69,88.17,366.5,5.58,84.25,,,444,2.17,80.95,4.025,4200.0,
2012-02-28,1197.0,0.14,75.0,199.5,4.82,89.58,246.5,,,,,447,2.22,79.48,3.3310000000000004,7000.0,
2012-02-29,1197.0,0.19,83.3,199.5,3.04,100.0,261.5,5.25,84.6,,,421,2.34,79.2,2.948,5600.0,
2012-03-01,1197.0,0.31,88.9,199.5,3.05,89.3,246.5,5.19,86.3,,,464,2.195,79.45,3.31,5600.0,32.1
2012-03-02,1197.0,0.97,89.5,199.5,1.95,89.1,400.5,5.94,86.5,,,610,2.5,83.3,4.077,7000.0,32.0
2012-03-03,1197.0,,,199.5,,,241.5,,,,,441,,,4.129,4200.0,34.9
2012-03-04,1197.0,,,199.5,,,239.5,,,,,435,,,3.765,4200.0,34.7
2012-03-05,1197.0,0.774,93.8,199.5,0.812,90.9,278.5,5.78,86.0,,,473,2.01,64.0,3.339,5600.0,35.8
2012-03-06,1197.0,2.71,91.17,199.5,3.36,88.59,300.5,5.74,88.88,,,429,2.35,78.515,3.675,4200.0,34.9
2012-03-07,1197.0,1.4,88.6,199.5,1.44,88.9,394.5,4.43,85.3,,,590,2.47,77.1,4.439,8400.0,35.0
2012-03-08,1197.0,1.2,86.2,199.5,1.24,84.4,269.5,2.44,82.1,,,474,,,3.358,5600.0,
2012-03-09,1197.0,1.9,88.9,199.5,1.84,87.7,252.5,4.8,84.8,,,452,2.2,79.4,2.573,7000.0,34.0
2012-03-10,1197.0,,,199.5,,,302.5,,,,,500,,,2.91,5600.0,32.3
2012-03-11,1197.0,,,199.5,,,480.5,,,,,668,,,3.022,2800.0,32.1
2012-03-12,1197.0,2.16,90.2,199.5,2.13,90.9,289.5,5.76,83.8,,,691,1.7,86.4,3.5269999999999997,2800.0,32.1
2012-03-13,1197.0,1.8,98.3,66.5,3.92,91.4,269.5,6.12,87.1,,,342,,,2.983,4200.0,31.3
2012-03-14,1197.0,,,133.0,,,236.0,,,,,355,2.33,84.8,3.5010000000000003,5600.0,31.7
2012-03-15,1197.0,1.97,91.5,133.0,4.14,88.8,187.0,4.07,85.8,,,285,1.88,80.3,2.95,5600.0,29.1
2012-03-16,1197.0,2.45,90.4,66.5,3.87,82.2,418.5,3.31,84.7,,,488,2.175,74.8,3.02,4200.0,34.3
2012-03-17,1197.0,,,66.5,,,244.5,,,,,339,,,3.56,4200.0,30.9
2012-03-18,1197.0,,,133.0,,,261.0,,,,,400,,,3.0,2800.0,30.7
2012-03-19,1197.0,2.51,89.2,133.0,3.98,89.7,318.0,4.03,85.9,,,392,3.1,81.3,3.06,4200.0,31.7
2012-03-20,1197.0,2.0,90.3,66.5,3.44,89.9,294.5,3.79,89.3,,,424,2.405,79.0,2.8139999999999996,8400.0,30.6
2012-03-21,1197.0,1.53,91.2,133.0,3,91.2,238.0,5.19,86.8,,,371,2.105,80.85,3.418,4200.0,
2012-03-22,1197.0,1.51,85.3,133.0,3.08,86.8,208.0,4.87,84.3,,,341,2.235,72.85,4.873,4200.0,29.5
2012-03-23,1197.0,1.6,88.2,66.5,3.94,86.4,239.5,4.24,84.2,7.31,84.8,305,1.985,81.2,4.489,4200.0,29.9
2012-03-24,1197.0,,,66.5,,,226.5,,,,,289,,,4.128,4200.0,33.8
2012-03-25,1197.0,,,66.5,,,251.5,,,,,237,,,4.395,4200.0,33.4
2012-03-26,1197.0,0.41,81.8,199.5,1.28,96.2,217.5,3.26,86.2,,,416,2.43,75.0,4.436,2800.0,31.9
2012-03-27,1197.0,0.09,50.0,199.5,1.76,87.5,235.5,3.82,85.6,7.14,84.6,352,1.365,80.9,5.4639999999999995,7000.0,32.5
2012-03-28,1197.0,2.19,88.5,199.5,2.57,86.0,253.5,1.91,84.0,4.45,83.5,458,3.165,82.05,5.1370000000000005,5600.0,32.8
2012-03-29,1197.0,0.2,75.0,199.5,2.8,84.8,258.5,4.35,83.3,4.15,82.5,464,2.34,76.9,5.332999999999999,5600.0,28.8
2012-03-30,1197.0,0.84,84.2,199.5,2.04,85.7,175.5,,,4.77,83.5,355,1.97,78.8,5.042,4200.0,29.2
2012-03-31,1197.0,,,199.5,,,294.5,,,,,490,,,5.006,4200.0,32.0
2012-04-01,1197.0,,,199.5,,,311.5,,,,,520,,,4.757,5600.0,28.5
2012-04-02,1197.0,1.48,88.6,199.5,0.5,91.7,247.5,5.11,85.0,3.86,83.5,429,2.205,78.15,4.93,4200.0,27.3
2012-04-03,1197.0,1.24,86.7,199.5,1.7,85.7,298.5,3.52,86.0,4.14,81.8,498,1.93,78.8,5.417000000000001,4200.0,30.2
2012-04-04,1197.0,,,199.5,,,400.5,,,,,563,,,5.18,5600.0,32.0
2012-04-05,1197.0,2.4,86.1,199.5,3.15,89.7,354.5,6.26,86.2,,,441,2.57,77.8,4.915,2800.0,29.7
2012-04-06,1197.0,,,199.5,,,328.5,,,,,523,,,4.269,4200.0,32.5
2012-04-07,1197.0,,,199.5,,,181.5,,,,,372,,,5.159,4200.0,34.6
2012-04-08,1197.0,,,199.5,,,190.5,,,,,400,,,4.77,2800.0,0.0
2012-04-09,1197.0,,,199.5,,,193.5,,,,,385,,,4.939,4200.0,28.3
2012-04-10,1197.0,2.08,85.4,199.5,3.98,87.0,198.5,4.2,83.8,,,386,1.93,77.8,5.294,5600.0,28.4
2012-04-11,1197.0,1.88,87.1,199.5,0.46,85.7,240.5,4.58,83.3,,,430,1.86,75.9,5.686,5600.0,28.0
2012-04-12,1197.0,1.54,84.0,199.5,3.05,86.0,210.5,4.41,82.7,,,391,,,4.954,5600.0,27.7
2012-04-13,1197.0,2.5,87.8,199.5,3.7,87.3,185.5,3.86,83.5,,,345,,,5.291,4200.0,31.1
2012-04-14,1197.0,,,199.5,,,155.5,,,,,328,,,5.687,5600.0,31.7
2012-04-15,1197.0,,,199.5,,,197.5,,,,,322,,,5.202999999999999,4200.0,32.0
2012-04-16,1197.0,2.07,86.7,199.5,2.19,86.5,143.5,4.28,84.1,,,403,2.27,71.4,4.95,5600.0,31.6
2012-04-17,1197.0,2.9,86.7,133.0,3.13,87.2,127.0,5.77,84.1,,,242,,,4.045,7000.0,32.8
2012-04-18,1197.0,1.24,95.2,133.0,3,90.9,167.0,5.95,83.7,,,290,2.13,77.8,3.1439999999999997,8400.0,33.1
2012-04-19,1197.0,2.02,88.8,66.5,2.57,90.0,137.5,3.77,82.9,,,199,1.9,76.1,3.5860000000000003,7000.0,34.3
2012-04-20,1197.0,3.03,85.1,66.5,3.14,85.7,150.5,5.85,83.3,,,219,,,4.305,4200.0,31.8
2012-04-21,1197.0,,,133.0,,,128.0,,,,,217,,,4.065,2800.0,32.8
2012-04-22,1197.0,,,133.0,,,132.0,,,,,246,,,3.889,4200.0,34.2
2012-04-23,1197.0,0.13,66.7,66.5,2.32,87.2,161.5,4.89,83.5,,,213,2.09,77.1,3.16,4200.0,31.2
2012-04-24,1197.0,0.05,0.0,133.0,3.74,86.5,164.0,7.12,82.6,,,301,1.97,76.6,3.3280000000000003,7000.0,31.3
2012-04-25,1197.0,0.08,50.0,133.0,3.24,84.3,138.0,4.92,81.8,,,274,1.99,76.0,4.5,5600.0,32.6
2012-04-26,1197.0,0.08,50.0,133.0,2.78,83.7,134.0,5.71,81.9,,,256,2.24,71.9,3.843,4200.0,31.5
2012-04-27,1197.0,0.35,83.3,133.0,4.53,83.9,221.0,3.98,81.4,,,330,2.11,76.1,3.114,4200.0,31.5
2012-04-28,1197.0,,,66.5,,,201.5,,,,,251,,,3.525,4200.0,32.5
2012-04-29,1197.0,,,133.0,,,230.0,,,,,255,,,3.67,7000.0,31.5
2012-04-30,1197.0,1.41,83.9,66.5,1.41,86.2,213.5,0.21,80.0,,,261,1.87,74.4,3.218,4200.0,34.3
2012-05-01,1197.0,,,133.0,,,219.0,,,,,340,,,2.6319999999999997,7000.0,28.0
2012-05-02,1197.0,,,66.0,,,281.0,,,,,340,2.165,78.7,2.8539999999999996,7000.0,30.5
2012-05-03,1197.0,1.89,86.9,133.0,1.75,87.8,352.0,5.27,81.5,,,489,2.005,76.13,3.344,7000.0,33.1
2012-05-04,1197.0,0.95,83.3,133.0,1.07,95.5,291.0,3.01,80.3,,,423,2.36,74.2,3.602,4200.0,33.7
2012-05-05,1197.0,,,66.0,,,286.0,,,,,182,,,3.2119999999999997,,
2012-05-06,1197.0,,,133.0,,,249.0,,,,,424,,,3.1710000000000003,2800.0,32.0
2012-05-07,1197.0,1.76,87.9,133.0,4.3,88.4,300.0,3.82,81.3,,,448,2.25,78.9,3.2960000000000003,4200.0,31.8
2012-05-08,1197.0,1.47,85.7,199.5,2.47,75.3,271.5,2.83,66.7,3.6,76.1,450,2.44,82.1,4.103,8400.0,31.3
2012-05-09,1197.0,1.64,81.0,199.5,3.32,85.1,266.5,4.32,80.3,3.48,78.9,478,2.18,73.5,4.645,7000.0,31.5
2012-05-10,1197.0,2.31,87.5,199.5,3.41,86.1,265.5,3.22,80.4,3.21,81.1,445,2.19,75.9,4.837,7000.0,32.4
2012-05-11,1197.0,2.1,86.7,199.5,3.89,86.8,361.5,3.35,81.2,4.37,80.0,478,2.165,73.7,4.21,7000.0,34.6
2012-05-12,1197.0,,,199.5,,,278.5,,,,,458,,,4.94,2800.0,32.5
2012-05-13,1197.0,,,199.5,,,276.5,,,,,477,,,4.047,4200.0,32.0
2012-05-14,1197.0,1.42,88.0,199.5,3.07,88.0,257.5,3.82,81.0,3.51,80.3,487,2.205,75.95,4.287,5600.0,33.8
2012-05-15,1197.0,2.12,87.5,199.5,5.45,87.9,145.5,4.28,82.9,3.4,81.4,344,2.38,75.4,4.206,5600.0,
2012-05-16,1197.0,2.8,89.4,199.5,5.38,89.0,194.5,4.91,82.5,3.5,81.5,400,2.47,77.95,3.6039999999999996,5600.0,30.1
2012-05-17,1197.0,1.8,91.7,199.5,4.99,89.5,257.5,5.2,82.6,4.27,81.7,448,2.225,74.35,4.467,7000.0,30.5
2012-05-18,1197.0,1.88,83.9,199.5,5.85,87.5,229.5,4.47,80.9,3.91,80.6,428,2.08,74.3,5.275,5600.0,31.4
2012-05-19,1197.0,,,199.5,,,230.5,,,,,430,,,5.272,4200.0,27.4
2012-05-20,1197.0,,,199.5,,,199.5,,,,,392,,,5.001,4200.0,31.5
2012-05-21,1197.0,0.12,50.0,199.5,2.95,87.2,198.5,2.57,80.9,3.83,81.3,395,2.39,70.65,5.034,2800.0,32.5
2012-05-22,1197.0,0.13,66.7,199.5,2.09,85.7,192.5,4.68,79.4,3.59,78.4,343,2.315,71.4,4.946000000000001,8400.0,33.3
2012-05-23,1197.0,0.16,66.7,199.5,2.69,86.2,180.5,6.9,79.5,4.38,79.1,330,2.29,72.65,3.925,7000.0,33.3
2012-05-24,1197.0,0.43,75.0,199.5,4.43,86.4,188.5,5.7,78.0,2.67,70.7,394,2.18,73.6,3.9819999999999998,7000.0,32.2
2012-05-25,1197.0,0.16,75.0,199.5,3.61,84.6,182.5,4.5,80.3,3.11,78.4,393,2.53,75.2,3.9930000000000003,7000.0,31.8
2012-05-26,1197.0,,,199.5,,,187.5,,,,,378,,,3.9930000000000003,2800.0,32.1
2012-05-27,1197.0,,,170.0,,,167.0,,,,,333,,,3.91,2800.0,32.6
2012-05-28,1197.0,,,160.0,3.9,80.8,143.0,,,3.71,77.6,298,2.3,71.4,3.392,4200.0,30.0
2012-05-29,1197.0,0.71,85.7,199.5,,,221.5,2.53,76.7,3.13,77.8,421,2.04,72.55,3.065,5600.0,27.6
2012-05-30,1197.0,0.94,88.5,199.5,3.72,81.3,239.5,3.22,77.6,,,511,2.14666666666667,75.2666666666667,3.4,7000.0,35.7
2012-05-31,1197.0,0.15,66.6,199.5,1.39,85.7,177.5,3.61,77.5,,,377,,,3.0380000000000003,5600.0,
2012-06-01,1197.0,1.71,85.7,199.5,1.75,82.5,152.5,3.88,76.2,,,349,1.96,72.1,2.815,7000.0,31.6
2012-06-02,1197.0,,,199.5,,,206.5,,,,,403,,,2.377,4200.0,31.2
2012-06-03,1197.0,,,199.5,,,273.5,,,,,474,,,3.47,2800.0,32.7
2012-06-04,1197.0,2.07,88.6,199.5,3.59,85.7,346.5,4.17,77.7,3.27,77.4,535,1.965,73.65,3.858,2800.0,30.8
2012-06-05,1197.0,1.0,87.0,199.5,3.69,85.3,401.5,3.86,77.7,3.57,78.8,583,2.06,73.9,3.694,5600.0,31.4
2012-06-06,1197.0,1.8,87.8,199.5,4.71,85.8,321.5,4.68,78.6,3.21,77.2,503,,,3.716,7000.0,30.7
2012-06-07,1197.0,1.0,86.4,133.0,2.89,83.3,242.0,4.11,76.9,4.1,76.2,331,,,3.855,5600.0,31.8
2012-06-08,1197.0,1.99,86.8,133.0,4.35,85.1,292.0,5.27,77.3,3.08,76.1,479,,,3.29,4200.0,36.1
2012-06-09,1197.0,,,66.5,,,212.5,,,,,236,,,3.0389999999999997,1400.0,31.2
2012-06-10,1197.0,,,133.0,,,258.0,,,,,406,,,2.275,4200.0,32.4
2012-06-11,1197.0,0.04,100.0,66.5,4.19,87.8,197.5,4.13,79.4,,,280,2.12,76.1,2.505,4200.0,33.9
2012-06-12,1197.0,0.75,76.9,133.0,5.22,86.9,91.0,3.64,80.5,,,343,2.04,70.0,2.434,5600.0,31.3
2012-06-13,1197.0,1.92,84.8,133.0,4.35,86.1,178.0,4.58,81.0,,,313,,,1.956,7000.0,
2012-06-14,1197.0,0.15,66.7,133.0,2.62,83.8,202.0,4.66,80.3,3.99,80.0,330,1.89,68.0,2.687,9800.0,
2012-06-15,1197.0,1.8,86.7,199.5,3.33,85.5,106.5,5.15,79.2,1.85,78.3,306,,,2.748,7000.0,
2012-06-16,1197.0,,,199.5,,,150.5,,,,,350,,,2.458,1400.0,30.0
2012-06-17,1197.0,,,199.5,,,264.5,,,,,431,,,2.636,4200.0,29.2
2012-06-18,1197.0,0.14,50.0,199.5,2.55,85.7,221.5,4.74,80.2,5.66,78.9,451,1.69,71.4,2.9760000000000004,2800.0,29.4
2012-06-19,1197.0,1.7,97.1,199.5,4.64,87.2,268.5,6.79,86.9,3.05,78.8,461,2.35,74.3,2.523,7000.0,30.3
2012-06-20,1197.0,0.26,66.7,199.5,5.62,86.5,348.5,3.59,80.0,3.12,78.7,530,1.92,75.0,3.049,4200.0,29.9
2012-06-21,1197.0,0.2,100.0,199.5,5.59,86.5,322.5,3.77,80.3,3.01,79.1,534,,,3.261,4200.0,31.3
2012-06-22,1197.0,0.08,100.0,199.5,6.02,87.4,279.5,3.09,81.8,,,485,,,3.237,5600.0,32.7
2012-06-23,1197.0,,,199.5,,,293.5,,,,,475,,,3.514,2800.0,29.9
2012-06-24,1197.0,,,199.5,,,296.5,,,,,508,,,3.4189999999999996,4200.0,30.0
2012-06-25,1197.0,3.05,82.4,199.5,2.69,83.8,301.5,,,,,455,,,3.08,4200.0,
2012-06-26,1197.0,0.85,86.7,199.5,1.04,45.5,259.5,,,,,492,2.1,77.4,3.639,5600.0,34.0
2012-06-27,1197.0,0.86,85.7,199.5,1.3,87.5,286.5,,,,,471,1.96,74.15,3.267,5600.0,
2012-06-28,1197.0,2.19,84.1,199.5,2.84,81.8,220.5,,,,,433,2.68,76.5,3.1830000000000003,5600.0,
2012-06-29,1197.0,2.84,83.8,133.0,3.06,85.0,332.0,,,,,460,1.545,74.1,2.92,7000.0,
2012-06-30,1197.0,,,199.5,,,381.5,,,,,584,,,2.359,5600.0,33.9
2012-07-01,1197.0,,,199.5,,,351.5,,,,,548,,,3.161,7000.0,31.7
2012-07-02,1197.0,,,199.5,,,308.5,,,,,509,,,2.71,7000.0,30.9
2012-07-03,1197.0,0.57,77.8,199.5,1.08,82.1,313.5,3.76,80.6,,,520,1.69,70.6,2.4730000000000003,5600.0,31.5
2012-07-04,1197.0,2.62,87.8,199.5,3.6,85.2,343.5,6.0,81.7,,,546,2.15,73.3,2.72,4200.0,32.0
2012-07-05,1197.0,2.42,83.7,199.5,3.2,83.6,305.5,3.26,79.8,,,304,1.85,87.7,3.341,4200.0,30.4
2012-07-06,1197.0,2.56,83.8,199.5,4.53,87.9,300.5,3.1,81.0,,,485,1.97,73.85,4.486000000000001,4200.0,30.8
2012-07-07,1197.0,,,199.5,,,299.5,,,,,492,,,4.0569999999999995,1400.0,33.1
2012-07-08,1197.0,,,199.5,,,332.5,,,,,537,,,3.59,,33.5
2012-07-09,1197.0,2.46,87.5,199.5,3..7,86.5,275.5,4.7,81.6,4.93,79.5,463,2.28,77.8,3.6069999999999998,7000.0,31.1
2012-07-10,1197.0,0.88,92.6,199.5,5.74,86.8,288.5,4.45,81.8,4.25,82.7,494,1.76,75.0,3.2460000000000004,7000.0,32.2
2012-07-11,1197.0,0.62,92.3,199.5,3.56,89.0,242.5,1.78,74.4,4.99,79.9,444,2.095,73.2,4.183,5600.0,32.3
2012-07-12,1197.0,2.05,82.8,199.5,3.24,86.0,236.5,1.41,89.7,3.94,81.3,434,1.82,74.0,4.538,5600.0,30.5
2012-07-13,1197.0,0.71,83.3,199.5,2.78,85.0,275.5,4.77,80.2,5.5,80.3,475,1.875,73.65,3.7039999999999997,7000.0,31.3
2012-07-14,1197.0,,,199.5,,,255.5,,,,,456,,,3.29,4200.0,29.7
2012-07-15,1197.0,,,199.5,,,280.5,,,,,480,,,3.1210000000000004,5600.0,30.2
2012-07-16,1197.0,0.12,66.6,199.5,2.48,87.5,230.5,4.04,80.8,6.03,80.9,430,1.955,74.25,3.263,4200.0,31.2
2012-07-17,1197.0,0.39,83.0,199.5,2.41,85.4,199.5,4.42,80.0,5.77,80.4,400,1.81,75.05,3.2319999999999998,7000.0,32.0
2012-07-18,1197.0,0.2,80.0,199.5,3.29,84.9,203.5,3.67,80.5,4.26,78.5,403,1.75,70.6,3.0839999999999996,8400.0,31.4
2012-07-19,1197.0,0.16,66.7,199.5,2.41,81.0,256.5,4.2,81.0,3.86,81.9,449,1.74,75.0,2.9589999999999996,7000.0,30.9
2012-07-20,1197.0,0.18,33.3,199.5,3.36,81.4,282.5,2.91,80.9,3.54,78.8,506,2.21,71.8,3.7289999999999996,7000.0,30.6
2012-07-21,1197.0,,,199.5,,,259.5,,,,,448,,,3.91,4200.0,32.4
2012-07-22,1197.0,,,199.5,,,299.5,,,,,487,,,3.988,4200.0,32.1
2012-07-23,1197.0,0.11,66.7,199.5,2.99,87.9,266.5,1.97,94.1,3.73,82.1,475,2.03,75.8,3.68,4200.0,29.3
2012-07-24,1197.0,,,199.5,,,93.5,,,,,291,,,4.438,4200.0,31.4
2012-07-25,1197.0,0.46,90.0,199.5,0.57,89.5,292.5,3.67,79.2,,,482,,,2.617,5600.0,34.3
2012-07-26,1197.0,3.07,84.3,199.5,3.52,84.5,252.5,1.51,81.3,,,452,1.82,72.9,3.362,5600.0,30.0
2012-07-27,1197.0,1.16,88.0,199.5,1.39,84.0,271.5,1.79,82.4,,,472,1.7,72.1,3.478,7000.0,28.6
2012-07-28,1197.0,,,199.5,,,471.5,,,,,675,,,3.733,4200.0,26.1
2012-07-29,1197.0,,,199.5,,,264.5,,,,,568,,,3.825,4200.0,28.9
2012-07-30,1197.0,2.76,86.4,199.5,4.37,85.9,197.5,4.77,80.3,,,396,,,3.877,2800.0,32.1
2012-07-31,,1.82,93.1,,4.11,89.4,182.5,4.2,81.9,,,388,,,4.055,8400.0,32.4
2012-08-01,1197.0,0.8,91.3,199.5,4.55,86.4,274.5,5.05,81.0,4.47,80.0,464,,,4.346,8400.0,33.7
2012-08-02,1197.0,0.13,66.7,199.5,4.51,82.9,322.5,4.71,79.3,3.81,78.5,520,1.56,70.7,3.5660000000000003,7000.0,28.6
2012-08-03,1197.0,3.56,85.6,199.5,3.73,83.8,383.5,3.97,79.5,4.15,80.5,561,,,3.627,8400.0,32.4
2012-08-04,1197.0,,,199.5,,,301.5,,,,,538,,,3.6260000000000003,2800.0,32.5
2012-08-05,1197.0,,,199.5,,,309.5,,,,,328,,,3.645,4200.0,33.1
2012-08-06,1197.0,0.02,83.3,199.5,3.97,86.5,324.5,1.68,77.7,3.99,76.4,533,1.63,74.2,3.5210000000000004,4200.0,32.4
2012-08-07,1197.0,0.12,66.7,199.5,3.53,88.1,301.5,5.52,80.8,5.85,80.0,495,1.685,73.0,3.298,5600.0,35.5
2012-08-08,1197.0,1.35,91.3,199.5,2.04,84.2,242.5,1.85,81.0,,,443,1.73,75.0,3.2539999999999996,22400.0,31.0
2012-08-09,1197.0,0.32,83.3,199.5,2.5,88.9,186.5,3.84,81.4,,,396,1.42,75.0,3.391,5600.0,31.0
2012-08-10,1197.0,0.34,90.0,199.5,4.54,87.7,186.5,3.44,82.2,,,382,,,3.3280000000000003,5600.0,31.5
2012-08-11,1197.0,,,199.5,,,233.5,,,,,432,,,3.0660000000000003,4200.0,29.9
2012-08-12,1197.0,,,199.5,,,260.5,,,,,440,,,3.2880000000000003,5600.0,29.2
2012-08-13,1197.0,0.28,60.0,199.5,4.9,85.6,271.5,3.02,81.5,,,493,1.73,69.6,3.548,2800.0,31.4
2012-08-14,1197.0,0.26,83.8,199.5,5.04,86.1,220.5,4.66,81.0,,,414,1.7,76.9,3.8339999999999996,5600.0,32.4
2012-08-15,1197.0,0.19,66.7,199.5,2.75,88.9,259.5,6.81,81.7,4.09,79.3,453,1.7,75.0,3.8960000000000004,7000.0,32.0
2012-08-16,1197.0,0.28,80.0,199.5,5.9,88.6,298.5,5.57,80.6,5.37,79.7,497,1.99,73.6,3.946,7000.0,32.3
2012-08-17,1197.0,0.15,33.3,199.5,3.3,83.9,398.5,5.68,81.8,,,554,1.77,68.0,3.6189999999999998,7000.0,31.3
2012-08-18,1197.0,,,199.5,,,210.5,,,,,358,,,3.45,4200.0,31.7
2012-08-19,1197.0,,,199.5,,,242.5,,,,,443,,,3.735,4200.0,31.7
2012-08-20,1197.0,2.26,87.0,199.5,2.27,87.9,222.5,,,3.47,80.9,420,1.81,81.6,3.5260000000000002,5600.0,34.0
2012-08-21,1197.0,2.92,86.7,199.5,3.15,86.9,310.5,4.72,82.5,3.29,81.5,504,1.94,75.6,3.3560000000000003,2800.0,29.5
2012-08-22,1197.0,1.83,89.7,199.5,3.62,87.9,256.5,6.8,81.8,,,460,1.795,78.05,4.178999999999999,7000.0,31.3
2012-08-23,1197.0,1.7,88.9,199.5,2.07,88.2,263.5,5.19,81.6,,,447,2.04,77.4,4.582,7000.0,
2012-08-24,1197.0,0.33,80.0,199.5,0.43,88.9,240.5,4.19,81.3,,,449,1.77,77.4,4.194,7000.0,
2012-08-25,1197.0,,,199.5,,,262.5,,,,,467,,,3.556,4200.0,30.3
2012-08-26,1197.0,,,199.5,,,215.5,,,,,416,,,3.61,5600.0,31.3
2012-08-27,924.0,4.67,89.6,325.5,6.47,90.9,295.5,,,,,615,2.18,75.6,3.15,4200.0,30.8
2012-08-28,924.0,,,192.5,,,256.5,,,,,441,,,3.202,8400.0,
2012-08-29,377.3,3.09,88.0,284.2,6.57,88.8,352.8,5.4,81.4,1.95,82.3,618,1.505,70.8,4.478,7000.0,33.5
2012-08-30,514.5,3.0,89.5,142.1,7.08,90.7,227.9,3.7,83.1,3.8,81.3,379,2.13,77.5,5.242999999999999,8400.0,33.3
2012-08-31,268.0,,,313.2,,,247.8,,,,,577,,,4.43,7000.0,
2012-09-01,503.9,,,166.0,,,301.0,,,,,451,,,4.1419999999999995,4200.0,31.5
2012-09-02,397.1,,,310.7,,,251.3,,,,,577,,,3.8310000000000004,4200.0,
2012-09-03,547.4,3.63,88.7,244.2,4.34,89.7,260.8,4.73,82.7,4.16,81.1,486,1.805,76.0,4.604,4200.0,31.7
2012-09-04,295.89,0.72,85.7,289.24,2.87,87.5,221.76,3.81,87.0,4.91,81.6,536,1.81,75.5,3.761,7000.0,31.8
2012-09-05,464.66,0.36,85.7,177.38,4.17,87.8,211.62,2.85,82.9,5.9,81.4,397,1.84,74.95,3.804,5600.0,31.2
2012-09-06,392.14,0.57,91.7,328.3,4,87.6,234.7,2.29,81.6,4.92,81.3,563,1.765,74.2,4.024,8400.0,31.4
2012-09-07,408.03,1.21,87.5,143.36,4.87,88.7,212.64,4.1,80.6,6.83,81.7,452,1.89,74.0,4.03,7000.0,32.6
2012-09-08,410.13,,,332.99,,,241.01,,,,,573,,,4.215,5600.0,32.1
2012-09-09,328.51,,,114.38,,,206.62,,,,,325,,,4.785,5600.0,31.4
2012-09-10,376.25,0.15,66.7,279.16,2.36,87.2,232.84,3.24,83.3,4.44,80.0,513,1.415,75.4,5.081,4200.0,32.3
2012-09-11,405.44,0.31,75.0,166.04,6.34,87.0,223.96,1.76,81.8,,,500,1.7,73.85,6.296,7000.0,32.2
2012-09-12,248.85,0.48,83.3,226.24,7.34,89.8,273.76,2.52,81.6,,,472,1.74,75.8,3.685,7000.0,30.8
2012-09-13,455.14,0.56,75.0,181.16,5.53,89.6,184.84,,,,,325,1.75,75.65,3.773,7000.0,31.3
2012-09-14,281.82,0.3,80.0,231.28,5.48,88.5,295.72,4.41,79.7,3.96,79.1,549,1.67,78.5,3.655,7000.0,29.9
2012-09-15,506.94,,,206.36,,,278.64,2.34,82.0,,,452,,,3.431,7000.0,31.0
2012-09-16,335.58,,,269.08,,,205.92,,,,,536,,,3.4410000000000003,4200.0,31.1
2012-09-17,514.15,,,148.4,,,210.6,,,3.51,80.2,317,1.43,74.1,3.3339999999999996,5600.0,30.7
2012-09-18,337.47,0.9,85.0,259.0,1.7,81.4,263.0,2.37,81.4,4.2,80.2,560,1.475,83.0,2.8160000000000003,5600.0,31.4
2012-09-19,456.68,1.93,86.1,162.26,1.7,86.9,289.74,3.47,80.6,,,420,1.43,72.2,3.4810000000000003,5600.0,31.9
2012-09-20,265.65,3.88,84.6,259.0,3.97,85.3,235.0,3.06,81.3,,,513,1.78,74.25,3.7560000000000002,5600.0,29.5
2012-09-21,631.4,0.73,83.3,192.5,0.92,85.0,357.5,3.49,80.0,,,470,1.595,74.05,3.304,2800.0,31.0
2012-09-22,438.34,,,286.72,,,189.28,,,,,566,,,2.47,4200.0,30.4
2012-09-23,611.1,,,318.5,,,284.5,,,,,543,,,3.425,4200.0,30.7
2012-09-24,289.45,1.55,88.2,237.58,4.92,87.7,368.42,2.99,82.6,,,731,1.8,75.6,2.758,2800.0,30.7
2012-09-25,661.22,1.41,84.6,182.42,1.7,86.4,348.58,1.56,82.0,,,656,1.48,77.35,2.213,5600.0,28.5
2012-09-26,420.91,2.19,84.4,385.0,4.51,86.3,440.0,4.03,81.6,,,785,1.625,74.95,3.187,5600.0,31.1
2012-09-27,717.22,1.23,85.7,203.84,2.42,77.1,263.16,2.63,80.0,,,381,1.41,76.4,3.5589999999999997,7000.0,29.9
2012-09-28,634.06,1.81,80.6,402.64,3.45,84.5,353.36,3.2,79.2,4.2,79.8,973,1.37,71.75,3.64,8400.0,30.2
2012-09-29,592.27,,,202.58,,,271.42,,,,,406,,,3.1519999999999997,2800.0,31.2
2012-09-30,646.94,,,434.14,,,348.86,,,,,689,,,3.325,2800.0,34.2
2012-10-01,667.59,,,187.46,,,317.54,,,,,471,,,4.205,4200.0,
2012-10-02,392.07,,,329.56,,,380.44,,,,,753,,,3.9760000000000004,7000.0,31.6
2012-10-03,500.5,0.68,87.5,130.76,3.9,89.1,343.24,1.92,81.9,4.1,80.1,482,1.5875,75.675,2.9019999999999997,8400.0,
2012-10-04,490.84,2.48,85.4,337.89,2.21,85.7,380.11,4.25,79.4,,,721,1.68,74.3,3.464,7000.0,
2012-10-05,556.5,0.97,81.3,150.0,2.86,84.8,283.0,3.21,78.3,3.26,78.2,161,1.59,72.0,3.2030000000000003,7000.0,
2012-10-06,373.52,,,295.05,,,331.95,,,,,597,,,3.55,8400.0,30.9
2012-10-07,551.18,,,152.18,,,284.82,,,,,456,,,3.178,4200.0,30.2
2012-10-08,492.87,0.11,66.6,373.17,1.96,85.7,284.83,2.62,81.4,,,648,1.35,77.2,2.7680000000000002,5600.0,32.4
2012-10-09,603.68,1.09,88.8,188.72,1.67,87.5,244.28,3.69,81.1,2.41,79.16,393,1.47,75.4,3.2969999999999997,7000.0,32.3
2012-10-10,392.98,0.27,83.3,313.18,3.83,85.7,243.82,2.88,80.8,4.0,79.7,581,1.59,77.1,3.3,7000.0,32.2
2012-10-11,534.66,0.1,50.0,186.2,1.76,84.6,291.8,2.87,80.0,3.54,80.8,476,1.55,76.1,3.303,8400.0,30.9
2012-10-12,410.62,,,330.82,,,391.18,,,3.33,79.6,718,,,3.028,5600.0,31.1
2012-10-13,653.8,,,220.22,,,546.78,,,,,772,,,3.048,5600.0,32.2
2012-10-14,391.3,,,271.6,,,483.4,,,,,764,,,2.969,5600.0,29.8
2012-10-15,534.38,1.05,84.0,167.3,1.67,84.8,309.7,0.58,72.2,1.98,81.1,450,1.58,77.8,3.029,4200.0,29.4
2012-10-16,340.41,0.85,85.0,277.9,1.03,88.9,402.1,4.26,79.5,,,660,1.24,74.1,3.193,8400.0,29.9
2012-10-17,663.39,0.34,83.3,310.94,0.31,87.5,270.06,4.42,80.3,,,492,1.61,79.3,2.93,4200.0,30.0
2012-10-18,482.09,0.73,78.6,385.0,1.22,86.2,333.0,2.5,81.0,,,718,1.52,74.1,2.99,8400.0,29.5
2012-10-19,623.77,0.81,84.6,234.08,0.89,88.2,486.92,3.51,81.0,,,692,1.32,75.0,2.35,5600.0,31.0
2012-10-20,447.02,,,322.0,,,332.0,,,,,668,,,3.147,4200.0,29.1
2012-10-21,480.41,,,229.04,,,408.96,,,,,617,,,3.9130000000000003,4200.0,31.8
2012-10-22,516.18,1.27,87.5,369.88,3.26,87.8,430.12,4.03,80.9,,,828,,,3.585,5600.0,30.9
2012-10-23,622.86,,,226.52,,,308.48,,,,,557,,,3.815,4200.0,30.8
2012-10-24,419.58,1.83,86.5,313.18,4.09,86.8,304.82,3.39,81.9,6.86,80.6,600,1.61,76.75,3.929,5600.0,30.6
2012-10-25,683.97,1.48,84.0,227.78,5.47,81.2,242.22,3.51,81.5,2.39,81.3,468,1.57,78.6,3.931,7000.0,29.8
2012-10-26,436.66,1.77,85.3,316.96,5.16,86.9,274.04,4.04,80.5,3.78,78.9,589,1.35,71.3,3.23,7000.0,30.4
2012-10-27,712.88,,,258.02,,,204.98,,,,,424,,,3.2539999999999996,4200.0,30.2
2012-10-28,453.32,,,300.37,,,330.63,,,,,673,,,3.795,4200.0,30.6
2012-10-29,518.63,1.0,85.7,211.4,3.67,88.5,293.6,3.23,81.8,3.17,79.4,475,1.36,78.8,3.9989999999999997,4200.0,29.3
2012-10-30,438.2,0.82,85.0,354.41,3.36,86.4,241.59,3.68,80.7,,,617,1.625,74.6,4.074,7000.0,
2012-10-31,602.07,0.84,85.7,217.7,3.21,86.7,190.3,3.84,81.0,4.68,79.8,419,1.57,75.0,3.759,7000.0,30.8
2012-11-01,386.26,1.7,88.9,259.91,3.69,86.2,256.09,4.85,80.2,4.83,79.7,516,1.765,73.6,4.015,7000.0,29.5
2012-11-02,528.22,0.44,78.6,206.36,4.17,86.8,236.64,4.3,80.5,5.79,79.8,450,1.225,74.7,3.5189999999999997,5600.0,29.0
2012-11-03,430.85,,,252.63,,,295.37,,,,,549,,,3.375,4200.0,29.0
2012-11-04,539.84,,,164.78,,,197.22,,,,,359,,,3.4789999999999996,4200.0,29.6
2012-11-05,355.46,0.13,66.7,294.28,3.42,88.2,242.72,4.32,80.2,5.52,79.8,300,1.56,71.4,3.674,2800.0,28.5
2012-11-06,708.05,0.3,83.3,225.26,1.92,85.3,269.74,3.63,81.7,5.94,80.1,472,1.505,77.55,3.645,7000.0,28.8
2012-11-07,361.34,0.27,85.7,260.26,2.55,86.0,273.74,5.57,82.0,3.99,80.8,547,1.84,75.7,3.87,7000.0,30.8
2012-11-08,531.16,0.36,71.4,201.32,2.57,85.5,265.68,3.81,80.0,4.7,79.4,448,1.3,75.0,3.785,5600.0,30.5
2012-11-09,469.98,0.33,83.3,363.58,3.77,84.1,285.42,3.99,81.1,4.07,79.8,674,1.545,73.1,3.745,7000.0,30.8
2012-11-10,586.25,,,239.12,,,279.88,,,,,443,,,4.217,4200.0,32.1
2012-11-11,359.03,,,277.9,,,264.1,,,,,616,,,3.568,4200.0,30.8
2012-11-12,655.27,0.62,84.6,289.52,1.09,82.6,249.48,2.52,82.8,5.27,80.8,460,1.6,75.35,4.446000000000001,5600.0,30.1
2012-11-13,361.34,0.9,85.0,260.26,1.23,87.1,344.74,2.4,80.9,4.51,77.5,688,1.45,76.2,4.132,5600.0,31.2
2012-11-14,552.3,1.97,86.7,196.0,3.33,85.5,285.0,2.79,82.0,,,494,1.345,76.65,3.74,7000.0,31.2
2012-11-15,507.43,1.17,81.8,353.5,1.98,83.3,314.5,5.73,80.5,3.9,81.5,630,1.58,76.0,3.58,7000.0,30.2
2012-11-16,598.01,1.79,86.8,290.78,4.26,87.2,335.22,3.39,80.6,3.14,80.5,563,1.785,76.25,3.812,5600.0,29.4
2012-11-17,242.97,,,236.32,,,256.68,,,,,467,,,3.9139999999999997,4200.0,31.2
2012-11-18,616.7,,,217.7,,,207.3,,,,,466,,,3.872,7000.0,31.3
2012-11-19,433.86,1.51,84.6,319.48,5.87,90.1,324.52,4.52,83.1,,,540,1.825,75.0,4.337,1400.0,30.8
2012-11-20,541.17,2.7,85.7,188.72,3.08,87.7,258.28,5.16,82.3,,,537,,,3.8930000000000002,2800.0,29.6
2012-11-21,421.33,1.78,90.3,281.68,5.02,87.4,238.32,4.6,82.1,4.18,82.3,630,1.61,75.0,3.39,7000.0,29.5
2012-11-22,581.14,1.93,88.0,187.46,3.89,87.8,172.54,5.55,82.9,4.11,82.3,350,1.75,77.3,3.612,7000.0,29.6
2012-11-23,380.1,,,305.62,,,241.38,,,4.2,81.8,609,1.69,73.7,3.917,5600.0,29.5
2012-11-24,510.44,,,191.24,,,261.76,,,,,448,,,3.662,2800.0,29.9
2012-11-25,346.5,,,287.98,,,331.02,,,,,626,,,3.1039999999999996,4200.0,30.5
2012-11-26,519.47,1.6,84.8,196.28,4.23,88.1,240.72,3.85,81.9,4.1,82.3,441,1.65,75.6,3.926,7000.0,30.1
2012-11-27,536.41,1.43,89.3,178.64,1.79,86.9,250.36,4.48,81.7,5.01,82.2,439,1.715,78.55,2.987,5600.0,32.4
2012-11-28,502.88,1.9,89.7,159.74,2.38,87.7,247.26,3.58,82.8,5.56,81.7,414,1.67,79.2,2.363,5600.0,31.5
2012-11-29,433.58,2.52,89.1,176.89,2.34,89.1,250.11,4.7,83.7,2.87,83.1,421,1.68,80.4,2.121,5600.0,30.3
2012-11-30,686.28,0.71,90.9,66.5,4.57,89.4,288.5,4.41,87.9,4.02,83.6,354,,,2.125,5600.0,31.9
2012-12-01,504.07,,,167.58,,,292.42,,,,,471,,,2.046,4200.0,30.7
2012-12-02,554.61,,,79.8,,,272.2,,,,,328,,,2.072,4200.0,30.9
2012-12-03,333.83,2.63,87.5,146.3,2.58,88.1,122.7,2.89,81.7,3.86,82.3,272,1.57,81.6,1.8869999999999998,4200.0,29.2
2012-12-04,497.42,0.28,85.7,66.5,3.8,88.1,195.5,2.57,84.6,,,246,1.53,80.8,1.624,7000.0,29.0
2012-12-05,571.9,0.1,100.0,133.0,2.46,87.9,240.0,3.4,82.8,3.56,83.1,381,,,1.507,7000.0,29.0
2012-12-06,823.27,0.1,100.0,133.0,3.69,86.4,257.0,4.02,82.8,2.8,84.4,390,1.58,79.2,1.96,4200.0,29.1
2012-12-07,750.12,0.2,80.0,199.5,3.19,84.6,159.5,2.66,85.1,,,352,1.53,80.0,2.343,5600.0,29.4
2012-12-08,679.63,,,199.5,,,179.5,,,,,395,,,2.5839999999999996,2800.0,29.9
2012-12-09,691.6,,,199.5,,,222.5,,,,,418,,,2.509,2800.0,29.9
2012-12-10,751.45,0.46,90.0,199.5,0.61,84.6,324.5,2.63,81.3,3.73,60.0,530,1.39,72.7,2.685,4200.0,30.7
2012-12-11,1197.0,1.31,87.5,199.5,1.3,87.0,376.5,2.89,83.1,,,575,2.22,77.4,3.3339999999999996,4200.0,30.0
2012-12-12,1197.0,1.72,89.1,199.5,2.93,85.7,303.5,3.08,82.3,4.06,79.2,497,2.49,80.7,3.452,5600.0,30.8
2012-12-13,1197.0,0.51,90.9,199.5,1.06,87.0,267.5,3.52,82.8,,,467,1.945,76.7,4.434,7000.0,29.9
2012-12-14,1197.0,1.13,88.9,199.5,1.24,85.7,215.5,2.96,80.6,,,415,1.78,76.9,3.515,7000.0,29.4
2012-12-15,803.32,,,199.5,,,279.5,,,,,475,,,3.4789999999999996,4200.0,29.2
2012-12-16,1197.0,,,199.5,,,280.5,,,,,475,,,2.734,5600.0,29.8
2012-12-17,695.0,1.66,86.7,199.5,4.3,87.8,249.5,4.97,75.2,,,460,1.91,65.4,3.7739999999999996,4200.0,29.4
2012-12-18,794.01,1.62,86.7,199.5,3.06,87.5,296.5,3.2,81.3,,,499,1.905,80.45,3.7489999999999997,5600.0,31.2
2012-12-19,840.56,1.73,84.9,199.5,4.62,87.7,391.5,3.3,82.0,4.17,80.6,569,,,4.486000000000001,8400.0,31.1
2012-12-20,919.03,1.51,82.5,199.5,2.56,85.4,330.5,4.65,78.4,3.82,75.4,541,2.74,78.5,4.476,5600.0,
2012-12-21,1008.14,1.92,84.6,199.5,2.9,86.7,403.5,2.65,81.6,,,601,1.905,74.85,3.81,2800.0,
2012-12-22,1081.29,,,199.5,,,314.5,,,,,514,,,4.418,4200.0,
2012-12-23,1177.05,,,199.5,,,275.5,,,,,478,,,3.8310000000000004,2800.0,
2012-12-24,1082.6,1.86,88.9,199.5,2.98,88.6,283.5,3.33,82.7,3.62,81.8,486,1.62,78.0,5.4510000000000005,4200.0,29.0
2012-12-25,982.87,,,199.5,,,170.5,,,,,417,,,4.154,2800.0,31.2
2012-12-26,746.13,,,199.5,,,269.5,,,,,531,,,4.57,5600.0,28.8
2012-12-27,691.6,0.14,80.0,199.5,3.32,86.6,482.5,5.09,82.7,3.88,81.9,673,1.855,75.25,3.909,7000.0,28.7
2012-12-28,775.39,1.35,87.2,199.5,3.58,88.8,227.5,4.67,82.6,4.2,81.7,421,1.88,76.9,4.2410000000000005,7000.0,31.8
2012-12-29,811.3,,,133.0,,,216.0,,,,,356,,,2.9989999999999997,7000.0,
2012-12-30,823.27,,,159.6,,,114.4,,,,,291,,,2.345,5600.0,29.1
2012-12-31,766.08,0.08,66.7,133.0,2.15,87.5,171.0,3.68,83.2,4.31,82.8,290,2.1,76.75,2.374,2800.0,28.7
2013-01-01,763.42,,,199.5,,,315.5,,,4.61,83.7,492,,,3.0610000000000004,4200.0,29.22
2013-01-02,674.3,0.07,66.7,199.5,2.97,90.0,241.5,3.46,84.0,7.19,83.1,459,1.75,75.3,3.178,7000.0,29.83
2013-01-03,990.85,0.11,75.0,199.5,1.96,88.2,382.5,3.99,84.1,4.95,80.5,599,1.85,76.25,3.034,8400.0,28.79
2013-01-04,629.09,0.07,,199.5,2.89,89.0,388.5,4.74,83.8,4.6,82.2,565,1.78,76.85,2.9789999999999996,7000.0,28.61
2013-01-05,1017.45,,,199.5,,,217.5,,,,,428,,,3.23,7000.0,30.0
2013-01-06,905.73,,,199.5,,,198.5,,,,,388,,,3.75,7000.0,30.91
2013-01-07,780.71,0.54,85.0,199.5,0.57,79.3,284.5,3.11,84.3,4.09,84.3,475,1.71,76.4,3.102,4200.0,30.09
2013-01-08,748.0,0.91,87.2,199.5,0.91,86.5,299.5,2.71,84.6,4.47,84.2,501,1.81,77.25,3.822,7000.0,28.72
2013-01-09,590.52,2.65,88.1,199.5,3.77,88.8,271.5,2.82,83.8,4.24,84.7,479,2.03,77.7,4.018,5600.0,28.82
2013-01-10,662.34,1.54,88.4,199.5,1.47,88.4,307.5,2.57,84.5,4.43,84.5,499,1.845,77.15,3.883,5600.0,30.05
2013-01-11,728.84,1.38,87.1,199.5,1.36,87.7,545.5,3.07,84.3,3.98,84.6,759,2.06,80.85,3.47,2800.0,29.9
2013-01-12,678.3,,,199.5,,,333.5,5.03,84.9,3.96,84.6,528,,,3.608,4200.0,31.68
2013-01-13,743.5,,,66.5,,,262.5,,,,,332,,,3.766,5600.0,32.63
2013-01-14,933.6,2.74,88.2,133.0,3.68,89.1,270.0,,,,,416,2.01,77.5,3.815,2800.0,32.38
2013-01-15,919.0,2.48,88.8,133.0,3.39,90.0,283.0,4.34,85.5,3.9,85.2,394,2.29666666666667,80.1666666666667,2.048,4200.0,32.18
2013-01-16,892.4,2.34,89.0,66.5,2.79,88.6,261.5,5.1,85.6,3.97,84.2,339,2.36,79.5,2.7,4200.0,32.35
2013-01-17,784.7,1.85,86.2,66.5,4.8,89.1,216.5,6.45,85.0,4.33,85.2,292,1.915,77.7,3.313,2800.0,31.42
2013-01-18,788.6,2.39,88.7,133.0,3.33,88.2,254.0,5.36,84.5,4.46,84.9,396,2.04,77.8,3.63,4200.0,32.07
2013-01-19,833.9,,,133.0,,,261.0,,,,,386,,,3.417,5600.0,
2013-01-20,924.3,,,66.5,,,278.5,,,,,348,,,3.1,2800.0,31.92
2013-01-21,687.61,1.96,91.4,66.5,4.9,92.8,216.5,3.49,86.9,4.77,86.0,287,2.185,79.35,4.143,2800.0,31.18
2013-01-22,925.68,2.05,90.4,159.6,5.43,89.1,210.4,2.83,86.0,5.32,85.4,376,2.155,79.05,3.77,2800.0,31.73
2013-01-23,844.55,1.84,90.2,133.0,3.38,88.2,250.0,3.64,86.2,,,374,2.07,78.7,3.514,4200.0,30.47
2013-01-24,998.83,2.14,89.7,133.0,5.15,92.5,190.0,2.82,85.2,1.96,84.5,324,2.12,77.1,3.253,4200.0,31.8
2013-01-25,824.6,2.29,87.9,66.5,2.74,87.7,252.5,5.04,83.7,4.59,84.8,315,,,3.6039999999999996,4200.0,30.41
2013-01-26,981.54,,,133.0,,,294.0,,,,,430,,,3.873,5600.0,31.02
2013-01-27,904.4,,,159.6,,,205.4,,,,,361,,,3.408,2800.0,31.03
2013-01-28,811.3,0.39,80.0,66.5,2.8,89.3,245.5,4.49,84.2,4.56,85.1,324,2.08,76.7,2.926,2800.0,30.83
2013-01-29,839.23,0.25,83.3,66.5,2.43,88.7,266.5,3.15,85.5,4.58,84.8,324,2.05,78.3,3.4,5600.0,30.84
2013-01-30,715.54,0.56,87.0,133.0,3.98,88.7,226.0,,,3.99,86.0,349,1.99,80.7,3.27,5600.0,30.24
2013-01-31,966.91,0.17,75.0,159.6,3.34,88.0,316.4,3.57,85.1,4.13,84.4,464,2.0,77.6,3.911,4200.0,31.77
2013-02-01,706.23,0.52,82.6,93.1,3.92,88.2,217.9,5.97,83.1,4.59,84.8,318,2.17,78.05,4.114,2800.0,29.15
2013-02-02,1014.79,,,66.5,,,308.5,,,,,386,,,4.0280000000000005,5600.0,29.95
2013-02-03,856.52,,,133.0,,,250.0,,,,,383,,,3.94,2800.0,29.79
2013-02-04,956.27,0.31,86.7,159.6,1.59,88.6,206.4,4.7,84.1,3.94,84.9,364,2.15,78.7,3.889,5600.0,29.92
2013-02-05,1006.8,1.82,90.3,133.0,1.48,87.0,180.0,2.61,84.5,,,321,2.865,79.4,4.289,7000.0,30.81
2013-02-06,915.04,1.69,87.7,93.1,1.89,88.9,238.9,4.73,83.7,4.13,84.1,324,2.065,78.75,3.64,7000.0,29.39
2013-02-07,706.23,1.64,85.2,159.6,1.68,86.2,241.4,4.74,84.0,,,406,2.15,76.1,2.878,5600.0,30.45
2013-02-08,917.7,1.46,83.6,133.0,1.52,85.7,187.0,2.68,84.1,,,318,2.06,75.8,2.7910000000000004,4200.0,29.53
2013-02-09,841.89,,,133.0,,,260.0,,,,,385,,,2.701,2800.0,29.87
2013-02-10,408.31,,,66.5,,,265.5,,,,,340,,,2.984,,
2013-02-11,1037.4,,,93.1,,,274.9,5.24,87.0,,,385,,,3.178,2800.0,32.56
2013-02-12,892.43,,,133.0,,,229.0,4.77,83.5,,,334,,,2.286,2800.0,30.83
2013-02-13,899.08,,,66.5,,,275.5,3.69,83.2,,,325,,,2.884,2800.0,31.77
2013-02-14,804.65,1.58,87.1,66.5,3.74,89.6,237.5,6.54,84.7,,,338,2.15,77.3,2.3930000000000002,5600.0,28.86
2013-02-15,734.16,1.88,87.3,133.0,3.45,88.4,208.0,4.11,85.1,4.04,83.3,378,2.18,76.9,2.523,4200.0,29.49
2013-02-16,786.03,,,133.0,,,272.0,,,,,375,,,3.04,4200.0,32.15
2013-02-17,811.3,,,66.5,,,246.5,,,,,360,,,2.863,4200.0,31.83
2013-02-18,796.67,1.46,88.0,66.5,4.15,83.5,306.5,,,4.41,83.9,345,2.68333333333333,79.8,4.111000000000001,4200.0,29.29
2013-02-19,602.49,1.35,88.6,281.0,1.22,87.2,274.0,,,4.6,83.1,569,2.455,77.3,4.482,4200.0,28.21
2013-02-20,844.55,1.49,96.6,202.0,3.73,88.5,277.0,1.9,85.3,3.73,84.0,483,2.465,77.35,4.162,2800.0,
2013-02-21,691.6,1.48,88.4,66.5,2.19,87.6,223.5,2.28,82.7,3.7,83.9,286,2.505,78.0,5.065,4200.0,31.95
2013-02-22,805.98,1.4,86.8,66.5,1.75,87.1,448.5,3.07,82.6,,,516,2.44,77.4,4.968,4200.0,32.32
2013-02-23,657.02,,,133.0,,,234.0,,,,,361,,,5.013999999999999,1400.0,
2013-02-24,791.35,,,159.6,,,189.4,,,,,354,,,4.652,2800.0,31.28
2013-02-25,880.46,0.64,84.6,66.5,3.96,88.8,250.5,2.17,83.5,,,316,2.565,76.4,4.444,2800.0,
2013-02-26,775.39,0.28,78.6,66.5,4.85,90.0,213.5,4.16,82.1,5.25,83.5,265,2.275,76.2,5.08,2800.0,32.2
2013-02-27,732.83,0.25,75.0,133.0,5.66,89.1,178.0,1.91,81.8,5.26,83.7,312,2.31,78.25,4.132,7000.0,32.15
2013-02-28,923.02,0.2,70.0,133.0,5.23,88.5,201.0,4.24,82.2,4.66,85.1,342,2.17,75.55,3.2939999999999996,7000.0,30.15
2013-03-01,788.69,0.58,85.2,66.5,4.53,87.8,236.5,5.97,83.1,4.08,82.0,311,2.03,75.9,4.084,2800.0,
2013-03-02,869.82,,,66.5,,,227.5,,,,,300,,,4.488,7000.0,30.93
2013-03-03,782.04,,,133.0,,,217.0,,,,,350,,,4.713,2800.0,30.96
2013-03-04,925.68,0.78,87.9,66.5,1.33,88.1,213.5,4.7,84.1,4.7,82.9,280,2.83,78.4,4.301,5600.0,31.17
2013-03-05,671.65,1.61,86.8,66.5,1.86,86.9,147.5,2.61,84.5,4.87,83.4,203,2.435,77.7,3.887,5600.0,31.16
2013-03-06,863.17,2.03,88.6,133.0,4.57,87.4,189.0,4.73,83.7,3.39,83.2,323,2.405,77.6,4.878,8400.0,30.84
2013-03-07,1005.48,2.74,85.7,133.0,2.9,86.1,138.0,4.74,84.0,4.01,82.0,278,2.455,77.05,4.5489999999999995,7000.0,30.85
2013-03-08,711.55,1.52,86.5,66.5,1.47,86.8,271.5,2.68,84.1,4.98,83.6,307,2.395,77.75,3.6919999999999997,7000.0,30.32
2013-03-09,792.68,,,66.5,,,192.5,,,,,277,,,4.067,5600.0,31.55
2013-03-10,847.21,,,133.0,,,157.0,,,,,301,,,3.596,5600.0,31.77
2013-03-11,759.43,2.35,88.3,133.0,3.55,88.5,143.0,5.24,87.0,4.13,83.4,269,2.32,78.3,3.182,4200.0,32.44
2013-03-12,816.62,1.47,88.7,133.0,4.82,90.6,150.0,4.77,83.5,3.39,83.5,285,2.45,77.9,3.4360000000000004,8400.0,32.78
2013-03-13,690.27,2.23,89.8,199.5,5.43,89.0,158.5,3.69,83.2,4.52,83.6,366,2.39,77.35,5.425,5600.0,32.51
2013-03-14,816.62,2.03,87.1,199.5,5.61,90.3,169.5,6.54,84.7,4.38,83.5,390,2.215,78.05,5.732,8400.0,32.25
2013-03-15,1090.6,2.47,86.4,199.5,5.89,88.6,187.5,4.11,85.1,3.55,84.6,369,2.32,78.2,4.59,5600.0,31.08
2013-03-16,824.6,,,199.5,,,132.5,,,,,347,,,3.654,2800.0,30.18
2013-03-17,767.4,,,192.0,,,0.0,,,,,187,,,2.958,4200.0,30.65
2013-03-18,702.24,1.44,89.0,179.5,2.42,88.7,9.5,,,,,186,2.695,80.4,2.552,5600.0,30.16
2013-03-19,913.71,1.65,88.0,199.5,2.61,88.4,145.5,,,6.76,83.4,347,2.195,76.3,2.924,4200.0,30.39
2013-03-20,997.5,1.62,86.7,199.5,3.75,88.6,339.5,1.9,85.3,2.8,82.9,540,1.94333333333333,75.8666666666667,3.01,5600.0,30.34
2013-03-21,840.56,1.99,87.4,199.5,3.23,88.7,190.5,2.28,82.7,4.32,83.6,400,2.06,77.2,3.1010000000000004,5600.0,30.24
2013-03-22,933.66,1.57,86.2,199.5,3.68,88.2,198.5,3.07,82.6,4.47,81.3,394,2.09,76.6,3.178,,
2013-03-23,883.12,,,199.5,,,101.5,,,,,288,,,5.044,,
2013-03-24,937.65,,,199.5,,,308.5,,,,,517,,,3.09,,
2013-03-25,908.39,0.09,100.0,199.5,2.45,89.1,205.5,2.17,83.5,4.12,80.8,410,1.79,77.2,2.858,4200.0,31.67
2013-03-26,811.3,0.07,66.7,199.5,2.18,88.4,154.5,4.16,82.1,3.22,81.4,355,1.86,75.8,3.407,5600.0,29.34
2013-03-27,562.59,1.2,86.5,199.5,1.36,86.8,249.5,1.91,81.8,4.63,82.5,435,1.88,75.2,3.141,5600.0,31.76
2013-03-28,782.04,0.1,80.0,199.5,1.41,87.9,355.5,4.24,82.2,3.26,81.5,548,2.81,76.3,3.609,5600.0,29.46
2013-03-29,759.43,,,199.5,,,313.5,,,,,508,,,3.575,5600.0,31.16
2013-03-30,869.82,,,199.5,,,282.5,,,,,483,,,3.52,2800.0,31.34
2013-03-31,864.5,,,199.5,,,229.5,,,,,444,,,3.803,4200.0,31.6
2013-04-01,724.85,,,199.5,,,305.5,,,,,537,,,3.532,2800.0,28.7
2013-04-02,961.59,1.33,86.8,199.5,1.59,86.3,330.5,6.13,83.7,3.72,80.9,481,2.13,77.4,3.8,4200.0,31.2
2013-04-03,799.33,2.19,87.9,199.5,2.03,87.5,360.5,1.09,83.3,,,477,2.035,77.7,4.499,5600.0,31.2
2013-04-04,992.18,,,66.5,,,342.5,,,,,371,,,3.64,4200.0,30.2
2013-04-05,730.17,1.64,88.8,66.5,1.72,87.9,407.5,2.48,82.6,2.74,82.2,393,1.785,78.25,3.125,4200.0,30.2
2013-04-06,876.47,,,159.6,,,370.4,,,,,457,,,2.622,4200.0,30.6
2013-04-07,586.53,,,133.0,,,320.0,,,,,390,,,2.27,3220.0,30.4
2013-04-08,937.65,2.98,88.1,133.0,6.27,89.1,310.0,4.46,82.8,,,469,1.92,74.9,2.377,5180.0,31.1
2013-04-09,602.49,2.22,86.5,66.5,5.39,88.8,359.5,4.64,82.2,3.43,82.6,408,2.035,73.95,2.438,5600.0,30.1
2013-04-10,730.17,0.75,87.8,66.5,3.85,88.1,354.5,,,,,432,1.975,75.6,3.26,5600.0,30.4
2013-04-11,646.38,1.27,87.9,133.0,4.55,87.1,329.0,3.96,83.3,3.54,83.2,454,2.09,75.45,3.01,5740.0,29.4
2013-04-12,496.09,0.75,85.4,66.5,4.44,85.6,336.5,5.2,82.9,3.26,82.5,405,2.135,78.1,3.998,4340.0,30.1
2013-04-13,766.08,,,133.0,,,319.0,,,,,450,,,3.285,2800.0,30.4
2013-04-14,775.39,,,66.5,,,343.5,,,,,411,,,3.24,2800.0,30.7
2013-04-15,828.59,1.06,84.6,133.0,3.45,86.3,385.0,4.72,82.9,3.03,83.3,511,2.3,78.65,3.444,4200.0,28.5
2013-04-16,958.93,1.46,85.2,93.1,3.93,87.1,303.9,5.23,83.2,2.95,82.1,408,2.255,77.3,3.304,5600.0,31.4
2013-04-17,582.54,0.74,87.0,172.9,4.52,88.3,338.1,2.7,83.4,,,480,2.405,80.35,2.8819999999999997,5600.0,31.4
2013-04-18,808.64,3.29,86.4,106.4,3.98,87.1,248.6,4.07,83.9,3.38,81.8,353,2.39,79.65,2.963,5600.0,
2013-04-19,731.5,1.9,,172.9,4.06,,306.1,3.59,,4.27,,476,2.21,,2.884,5600.0,30.0
2013-04-20,1008.14,,,93.1,,,219.9,,,,,323,,,3.0869999999999997,5600.0,30.1
2013-04-21,751.45,,,106.4,,,286.6,,,,,390,,,3.553,4200.0,30.6
2013-04-22,772.73,0.17,,66.5,2.97,,283.5,4.19,,4.18,,346,2.255,,3.2110000000000003,5600.0,29.3
2013-04-23,763.42,0.1,,133.0,2.72,,212.0,4.17,,4.15,,356,2.45,,2.675,5600.0,30.4
2013-04-24,868.49,0.25,,66.5,3.63,,321.5,5.85,,4.09,,394,2.43,,2.81,4760.0,30.4
2013-04-25,823.27,0.22,,133.0,3.3,,272.0,5.48,,4.02,,304,2.705,,2.9210000000000003,2940.0,32.2
2013-04-26,925.68,0.13,,66.5,3.19,,292.5,4.9,,4.08,,361,2.14,,2.707,5180.0,30.7
2013-04-27,863.17,,,133.0,,,281.0,,,,,409,,,2.592,2800.0,30.7
2013-04-28,828.59,,,66.5,,,232.5,,,,,288,,,2.992,4200.0,31.1
2013-04-29,977.55,2.84,,66.5,3.43,,307.5,6.12,,4.23,,364,3.025,,3.134,4900.0,32.8
2013-04-30,889.77,1.45,,66.5,1.56,,288.5,5.32,,4.26,,346,2.36,,3.0869999999999997,4200.0,32.0
2013-05-01,994.84,,,66.5,,,356.5,,,,,430,,,3.37,7000.0,28.7
2013-05-02,734.16,1.69,,66.5,1.69,,288.5,5.43,,4.36,,359,2.21,,3.178,7000.0,32.7
2013-05-03,767.41,2.01,,66.5,1.37,,253.5,5.1,,4.83,,311,2.84,,3.4939999999999998,4200.0,29.1
2013-05-04,686.28,,,159.6,,,265.4,,,,,437,,,3.3689999999999998,2520.0,31.0
2013-05-05,291.27,,,133.0,,,260.0,,,,,392,,,4.2,2520.0,30.8
2013-05-06,708.89,2.5,,133.0,5.18,,296.0,7.07,,3.46,,423,2.97,,4.15,2800.0,30.5
2013-05-07,670.32,2.93,,66.5,5.21,,247.5,6.26,,4.4,,317,2.955,,4.694,5600.0,32.2
2013-05-08,857.85,2.38,,133.0,5,,270.0,5.13,,4.38,,403,2.86,,4.364,4200.0,31.4
2013-05-09,764.75,2.13,,133.0,3.66,,248.0,5.45,,4.17,,379,2.798,,4.325,5600.0,28.9
2013-05-10,861.84,1.37,,66.5,5.15,,262.5,6.1,,4.31,,332,2.43,,4.055,4200.0,29.2
2013-05-11,691.6,,,66.5,,,240.5,,,,,311,,,4.721,7000.0,29.0
2013-05-12,825.93,,,159.6,,,227.4,,,,,392,,,4.375,2800.0,28.5
2013-05-13,758.1,3.23,,159.6,3.75,,237.4,3.0,,4.25,,391,2.665,,3.91,2800.0,29.2
2013-05-14,881.79,3.13,,66.5,4.65,,233.5,5.2,,4.12,,302,2.69,,3.864,2800.0,31.7
2013-05-15,492.1,0.14,,66.5,2.77,,100.5,6.23,,4.19,,394,2.73,,5.0169999999999995,4200.0,32.4
2013-05-16,744.8,1.68,,159.6,3.42,,213.4,5.17,,3.49,,373,2.69,,5.591,4200.0,31.6
2013-05-17,880.46,,,159.6,,,165.4,,,,,325,,,4.855,4200.0,30.8
2013-05-18,759.43,,,93.1,,,82.9,,,,,170,,,3.312,1400.0,30.9
2013-05-19,750.12,,,133.0,,,170.0,,,,,314,,,3.665,2800.0,30.6
2013-05-20,903.07,0.19,,133.0,7.79,,272.0,7.09,,6.09,,412,2.47,,2.7110000000000003,2800.0,31.0
2013-05-21,587.86,0.1,,133.0,2.58,,258.0,7.49,,5.56,,378,3.03,,3.6489999999999996,4200.0,31.1
2013-05-22,965.58,,,66.5,,,244.5,,,3.75,,310,,,3.366,2800.0,31.0
2013-05-23,857.85,0.08,,66.5,3.44,,270.5,5.63,,3.08,,332,2.45,,3.008,4200.0,30.5
2013-05-24,849.87,,,133.0,,,178.0,,,,,333,2.39,,3.424,4200.0,
2013-05-25,940.31,,,133.0,,,233.0,,,,,352,,,2.898,1400.0,31.1
2013-05-26,682.29,,,66.5,,,196.5,,,,,262,,,2.783,2800.0,30.8
2013-05-27,783.37,0.92,84.3,66.5,3.9,85.9,234.5,6.31,82.0,5.95,81.3,307,2.57,76.2,2.843,5600.0,30.5
2013-05-28,694.26,1.52,85.5,133.0,1.51,84.1,249.0,5.04,82.3,4.43,81.5,377,2.51,76.4,2.7969999999999997,5600.0,31.2
2013-05-29,1078.63,1.47,85.7,133.0,1.53,84.8,283.0,5.68,81.7,5.01,,347,2.425,73.85,3.343,5600.0,30.5
2013-05-30,1147.79,1.42,86.5,66.5,1.42,83.5,216.5,5.31,81.6,,,292,2.295,74.0,2.966,5600.0,31.6
2013-05-31,988.19,1.34,84.6,66.5,1.45,84.6,134.5,3.28,81.3,,,210,2.44,75.7,3.1689999999999996,5600.0,
2013-06-01,1045.38,,,133.0,,,185.0,,,,,309,,,2.568,4060.0,29.4
2013-06-02,985.53,,,133.0,,,220.0,,,,,345,,,2.841,3220.0,29.7
2013-06-03,940.31,2.56,78.7,66.5,4.17,86.5,264.5,3.63,81.9,,,347,3.0,68.4,2.9130000000000003,4200.0,28.9
2013-06-04,1005.48,0.73,85.0,66.5,2.38,87.0,201.5,6.2,81.5,3.65,80.2,264,2.35,75.1,2.73,5880.0,29.7
2013-06-05,1081.29,0.36,87.0,133.0,5.61,87.7,287.0,7.09,83.0,3.78,82.1,396,1.935,76.4,2.523,5600.0,30.6
2013-06-06,796.67,2.16,85.3,133.0,3.47,85.8,268.0,4.65,80.6,3.48,80.1,416,2.205,73.85,2.5780000000000003,5600.0,30.8
2013-06-07,1037.4,2.39,86.3,66.5,5.79,85.16,248.5,3.1,80.3,3.58,80.4,309,2.185,74.1,2.622,1400.0,30.3
2013-06-08,876.47,,,66.5,,,267.5,,,,,349,,,2.589,1400.0,31.5
2013-06-09,1050.7,,,133.0,,,261.0,,,,,391,,,2.3040000000000003,4200.0,32.0
2013-06-10,1185.03,1.88,86.7,159.6,2.58,88.3,218.4,2.25,80.9,3.82,80.9,361,2.37,76.25,3.287,4480.0,30.9
2013-06-11,1001.49,1.49,83.9,110.39,3.26,86.0,222.61,2.76,81.4,3.85,80.3,358,2.345,76.15,2.355,5600.0,30.8
2013-06-12,993.51,,,66.5,,,259.5,,,,,326,,,2.553,7000.0,30.1
2013-06-13,996.17,1.38,86.7,133.0,1.79,84.7,277.0,3.84,81.2,4.29,81.3,409,2.4,75.6,2.7969999999999997,7000.0,30.7
2013-06-14,990.85,1.26,84.0,159.6,3.84,86.0,257.4,3.67,81.0,3.82,82.6,405,2.345,76.5,2.645,7000.0,28.5
2013-06-15,791.35,,,66.5,,,363.5,,,,,425,,,2.298,8400.0,29.5
2013-06-16,1004.15,,,133.0,,,344.0,,,,,432,,,2.835,6440.0,29.4
2013-06-17,893.76,0.1,83.0,219.45,2.3,86.0,281.55,4.3,81.0,3.8,80.0,514,2.25,77.0,2.835,4200.0,28.6
2013-06-18,1243.55,0.07,67.0,133.0,2.6,87.0,245.0,5.4,81.0,4.4,81.0,377,2.45,76.0,3.2710000000000004,7700.0,31.5
2013-06-19,831.25,0.06,66.7,66.5,2.2,86.3,302.5,4.0,81.6,4.6,80.6,353,2.2,76.4,2.517,7840.0,30.4
2013-06-20,920.36,0.09,80.0,66.5,2.19,86.3,272.5,5.1,81.0,4.3,80.6,339,2.045,73.45,2.273,6440.0,30.3
2013-06-21,1028.0,0.05,66.7,133.0,1.48,88.6,232.0,4.66,80.7,4.34,80.4,364,2.635,74.6,2.444,5600.0,30.6
2013-06-22,855.19,,,133.0,,,299.0,,,,,439,,,2.189,4200.0,29.5
2013-06-23,790.02,,,66.5,,,281.5,,,,,325,,,2.394,4200.0,29.7
2013-06-24,1098.58,0.64,85.4,66.5,1.86,86.6,373.5,6.86,81.7,4.13,80.9,469,2.595,79.15,2.7030000000000003,5880.0,30.5
2013-06-25,978.88,1.36,84.5,133.0,1.39,85.7,247.0,3.56,80.9,3.89,80.7,372,2.38,76.0,2.752,2800.0,29.2
2013-06-26,970.9,1.55,83.8,133.0,3.36,86.7,205.0,4.67,80.7,2.89,80.6,332,2.49,75.65,2.281,5600.0,31.3
2013-06-27,881.79,1.19,84.3,66.5,1.76,84.7,251.5,3.83,80.5,3.75,80.1,325,2.41,76.7,2.522,4200.0,32.9
2013-06-28,1137.15,1.2,84.0,66.5,2.23,76.7,266.5,4.05,80.5,3.63,80.0,329,2.34,76.95,2.224,5600.0,29.3
2013-06-29,970.9,,,133.0,,,322.0,,,,,465,,,2.408,7000.0,29.3
2013-06-30,865.83,,,133.0,,,231.0,,,,,353,,,3.0210000000000004,3500.0,29.1
2013-07-01,986.86,,,66.5,,,233.5,,,,,302,,,2.1590000000000003,1400.0,28.68
2013-07-02,896.42,2.2,86.8,66.5,3.61,86.8,250.5,3.49,81.1,4.24,80.3,322,2.22,76.3,2.738,6300.0,29.01
2013-07-03,903.07,1.23,85.2,133.0,2.98,86.2,210.0,3.76,81.0,3.95,79.4,458,2.19,75.9,2.475,5040.0,29.04
2013-07-04,968.24,1.87,86.7,133.0,3.37,85.8,242.0,3.25,81.0,3.21,79.6,367,2.28,75.6,2.6689999999999996,5880.0,30.35
2013-07-05,920.36,1.96,86.4,66.5,4.72,86.7,223.5,3.85,80.9,3.97,79.4,293,2.245,76.05,1.936,5040.0,29.91
2013-07-06,1045.38,,,66.5,,,192.5,,,,,265,,,2.421,1400.0,29.5
2013-07-07,867.16,,,133.0,,,223.0,,,,,351,,,2.559,5600.0,30.3
2013-07-08,888.0,1.61,87.1,133.0,5.59,87.8,330.0,3.57,80.4,3.65,79.8,461,2.34,76.65,2.403,4900.0,28.58
2013-07-09,798.0,1.73,88.0,66.5,5.44,87.7,320.5,4.33,81.2,3.77,80.4,397,2.985,78.45,2.4,5460.0,30.45
2013-07-10,1197.0,1.0,85.4,66.5,3.03,87.7,234.5,4.75,81.3,2.56,80.6,347,2.72,77.2,2.385,5180.0,28.67
2013-07-11,798.0,2.14,87.0,160.0,4.07,87.6,167.0,3.25,81.1,3.07,80.8,318,2.31,76.5,2.545,4200.0,29.23
2013-07-12,931.0,1.48,86.1,160.0,4.38,86.9,173.0,4.08,80.9,3.22,79.7,346,2.54,76.8,2.322,5600.0,30.54
2013-07-13,931.0,,,66.5,,,343.5,,,,,419,,,2.122,4060.0,31.13
2013-07-14,928.0,,,66.5,,,218.5,,,,,287,,,2.278,3780.0,30.8
2013-07-15,937.0,0.05,50.0,133.0,1.69,86.5,222.0,3.12,82.1,2.89,79.8,358,2.11,76.5,2.04,5600.0,31.5
2013-07-16,907.0,0.29,84.6,133.0,2.99,87.6,270.0,3.67,81.1,4.02,81.2,394,2.25,74.0,2.011,7000.0,30.78
2013-07-17,855.0,1.68,87.7,66.5,2.5,87.2,263.5,1.89,81.8,3.97,80.8,327,2.08,75.0,2.224,9380.0,31.28
2013-07-18,958.0,0.59,83.3,66.5,3.26,83.7,287.5,2.87,81.8,3.8,80.3,356,2.14,76.0,2.181,9660.0,30.76
2013-07-19,887.0,0.19,88.9,199.0,2.9,88.1,278.0,2.66,81.3,3.94,80.6,472,2.15,73.55,2.131,8400.0,30.24
2013-07-20,884.0,,,199.0,,,230.0,,,,,434,,,2.588,9380.0,30.19
2013-07-21,767.0,,,199.0,,,267.0,,,,,475,,,2.248,5880.0,30.29
2013-07-22,844.0,1.17,85.0,199.0,1.21,86.8,264.0,3.5,81.4,3.26,80.7,454,2.14,77.3,3.417,4200.0,30.45
2013-07-23,856.0,1.58,86.5,199.0,2.1,86.7,326.0,0.43,78.3,3.17,79.4,515,2.17,76.8,3.285,9800.0,30.27
2013-07-24,627.0,1.1,88.7,199.0,1.15,85.0,262.0,3.87,80.8,,,467,2.095,74.7,2.654,8400.0,
2013-07-25,848.0,1.21,84.8,199.0,1.24,83.6,257.0,6.18,81.6,,,451,2.12,75.4,2.6289999999999996,8680.0,
2013-07-26,772.0,1.42,86.5,133.0,4.43,86.3,669.0,5.52,82.1,,,821,2.08,78.3,2.9010000000000002,8400.0,29.71
2013-07-27,815.0,,,199.0,,,277.0,,,,,464,,,3.0210000000000004,8820.0,30.47
2013-07-28,687.0,,,199.0,,,213.0,,,,,426,,,2.569,2800.0,30.26
2013-07-29,899.0,3.06,87.0,133.0,3.7,87.8,192.0,6.41,81.3,2.53,80.4,333,2.14,76.7,2.661,1400.0,30.31
2013-07-30,865.83,1.87,86.4,133.0,3.17,86.6,132.0,3.36,81.4,,,247,2.27,74.4,2.679,6440.0,29.64
2013-07-31,928.34,2.73,86.8,0.0,3.4,87.7,175.0,5.85,81.7,,,196,2.29,78.4,2.391,6300.0,29.29
2013-08-01,996.17,1.8,85.0,66.5,3.3,87.0,147.5,4.9,81.0,,,210,2.005,76.2,2.539,5180.0,29.0
2013-08-02,1010.8,1.8,86.0,133.0,2.5,86.0,353.0,7.3,77.0,2.5,81.0,476,1.99,74.2,2.279,4200.0,32.0
2013-08-03,953.61,,,133.0,,,178.0,,,,,306,,,1.558,1400.0,
2013-08-04,1000.16,,,66.5,,,172.5,,,,,234,,,1.962,2800.0,32.0
2013-08-05,909.72,1.5,86.0,199.5,3.7,86.0,215.5,6.2,81.0,4.4,80.0,432,2.09,77.1,2.101,1680.0,
2013-08-06,788.69,1.5,90.0,199.5,4,87.0,240.5,4.5,81.0,5.0,80.0,437,2.02,77.0,2.3280000000000003,4200.0,30.0
2013-08-07,784.7,2.6,87.0,119.5,4.1,87.0,300.5,4.5,81.0,4.6,80.0,424,2.08,77.1,2.96,5600.0,32.0
2013-08-08,941.64,1.3,86.0,199.5,4.8,87.0,280.5,3.9,81.0,4.2,81.0,473,2.5,79.0,3.11,8400.0,31.0
2013-08-09,912.38,1.71,85.0,199.5,5.24,87.0,231.5,4.09,81.0,4.8,80.0,423,2.115,77.0,3.2510000000000003,4060.0,30.34
2013-08-10,933.66,,,199.5,,,155.5,,,,,361,,,3.105,5460.0,31.35
2013-08-11,808.64,,,199.5,,,174.5,,,,,377,,,2.833,4200.0,32.1
2013-08-12,1008.14,0.79,80.6,199.5,1.87,87.4,197.5,4.48,80.4,4.23,79.9,395,2.44,76.15,2.48,7000.0,30.54
2013-08-13,1075.97,1.36,85.5,199.5,3.74,86.7,25.5,4.5,80.5,,,230,2.9,74.5,2.4819999999999998,7000.0,29.84
2013-08-14,1004.15,,,199.5,,,129.5,,,,,314,2.205,74.8,2.4290000000000003,2380.0,
2013-08-15,1016.12,1.23,86.8,199.5,1.69,86.0,146.5,5.08,81.3,4.61,80.2,356,2.365,76.65,1.825,7420.0,30.99
2013-08-16,775.39,,,199.5,,,343.5,,,4.885,80.8,501,2.09,76.95,2.551,8400.0,30.31
2013-08-17,1004.15,,,199.5,,,174.5,,,,,411,,,2.428,4200.0,31.32
2013-08-18,877.8,,,199.5,,,174.5,,,,,380,,,2.86,4200.0,31.32
2013-08-19,981.54,0.09,60.0,199.5,0.14,80.0,234.5,3.07,81.1,,,420,2.13,76.5,3.1889999999999996,6580.0,30.03
2013-08-20,997.5,1.28,85.5,199.5,1.48,85.5,176.5,3.58,83.0,4.44,80.9,379,2.2,76.2,2.693,9800.0,31.14
2013-08-21,788.69,0.31,76.5,199.5,0.4,82.4,168.5,4.75,80.7,4.65,80.1,375,2.24333333333333,76.0333333333333,3.2760000000000002,7000.0,30.14
2013-08-22,726.18,1.51,86.4,199.5,1.57,85.4,156.5,5.0,81.2,5.11,80.8,359,2.35666666666667,76.4333333333333,2.795,9800.0,31.33
2013-08-23,925.68,1.46,86.4,199.5,1.52,84.8,186.5,4.74,80.1,4.17,80.2,376,2.04666666666667,73.4666666666667,2.369,8400.0,
2013-08-24,671.65,,,199.5,,,183.5,,,,,393,,,2.239,4200.0,30.75
2013-08-25,929.67,,,199.5,,,368.5,,,,,528,,,2.509,4200.0,30.28
2013-08-26,982.87,1.57,86.2,199.5,4.79,88.1,155.5,5.31,81.8,,,400,,,2.747,4200.0,31.73
2013-08-27,747.46,2.98,86.5,199.5,4.92,89.2,273.5,3.8,81.6,5.39,80.8,462,2.275,76.0,3.114,8400.0,31.02
2013-08-28,905.73,3.32,85.8,199.5,4.36,85.5,194.5,5.37,80.8,3.55,80.6,375,2.265,76.55,3.096,7000.0,31.03
2013-08-29,861.84,2.08,82.9,199.5,4.68,85.7,230.5,4.68,81.6,3.3,80.7,443,2.185,77.65,3.029,9100.0,30.42
2013-08-30,1012.13,1.7,82.7,199.5,3.73,82.8,233.5,4.28,81.9,3.13,81.0,424,2.04,76.7,3.654,4480.0,30.19
2013-08-31,954.94,,,199.5,,,248.5,,,,,451,,,4.151,2800.0,31.54
2013-09-01,949.62,,,199.5,,,141.5,,,,,355,,,3.8169999999999997,2800.0,32.0
2013-09-02,790.02,2.8,87.0,199.5,4.9,86.0,157.5,3.4,82.0,4.1,80.0,349,2.2,76.1,3.551,4200.0,30.0
2013-09-03,855.19,2.4,87.0,199.5,3.8,89.0,173.5,3.8,81.0,3.8,80.0,386,2.02,74.0,4.048,7000.0,30.0
2013-09-04,809.97,1.9,88.0,199.5,3,89.0,169.5,4.2,82.0,3.1,81.0,350,1.8,76.0,3.989,11200.0,31.0
2013-09-05,800.66,2.4,86.7,133.0,5.4,86.8,310.0,5.2,82.0,3.0,80.7,450,2.08,70.7,3.552,8400.0,30.0
2013-09-06,869.82,0.57,80.0,199.5,4.07,86.7,289.5,5.64,81.5,3.45,80.3,475,2.17,75.3,3.852,9800.0,30.88
2013-09-07,994.84,,,199.5,,,279.5,,,,,495,,,4.079,15400.0,29.21
2013-09-08,978.88,,,199.5,,,240.5,,,,,454,,,4.337,8400.0,29.08
2013-09-09,974.89,1.22,86.3,199.5,3.19,86.5,325.5,,,2.91,79.2,509,1.74,75.0,4.02,19600.0,31.37
2013-09-10,984.2,0.5,82.4,199.5,3.76,86.8,220.5,4.92,81.9,3.52,81.0,419,2.22,75.7,4.289,7000.0,31.21
2013-09-11,980.21,2.29,86.5,199.5,3.65,86.4,244.5,4.78,81.4,3.1,79.8,456,1.86,75.8,3.432,8400.0,30.93
2013-09-12,1041.39,0.3,75.0,199.5,0.31,80.0,336.5,2.82,80.9,3.76,80.0,532,2.28,74.3,4.243,7000.0,30.95
2013-09-13,807.31,,,199.5,,,201.5,,,2.87,79.6,401,1.84,74.35,3.529,8400.0,30.75
2013-09-14,865.83,,,199.5,,,230.5,,,,,422,,,3.8810000000000002,4200.0,30.51
2013-09-15,913.71,,,199.5,,,133.5,,,,,342,,,3.6660000000000004,5600.0,30.53
2013-09-16,907.06,1.27,85.7,199.5,1.94,86.1,185.5,1.97,81.9,,,383,1.73,74.6,3.8089999999999997,5600.0,29.03
2013-09-17,1066.66,1.47,85.9,199.5,1.48,85.5,264.5,2.29,80.8,,,458,1.78,76.0,4.422,15400.0,30.95
2013-09-18,917.7,1.39,85.7,199.5,1.39,83.9,352.5,2.67,81.0,,,556,1.83,75.8,3.823,15400.0,30.42
2013-09-19,554.61,,,199.5,,,216.5,,,,,412,1.76,75.2,3.763,16800.0,30.85
2013-09-20,1036.07,,,199.5,,,258.5,,,,,455,,,4.288,9800.0,31.03
2013-09-21,672.98,,,199.5,,,256.5,,,,,466,,,4.2410000000000005,12600.0,31.13
2013-09-22,578.55,,,133.0,,,288.0,,,,,413,,,3.8510000000000004,12600.0,31.15
2013-09-23,558.6,1.7,86.3,133.0,5.25,89.8,78.0,3.18,81.9,,,215,1.84,76.05,3.208,11200.0,30.36
2013-09-24,1036.07,2.3,77.5,199.5,2.76,85.8,195.5,4.01,82.0,,,389,1.75,75.2,2.989,23800.0,30.88
2013-09-25,1009.47,3.02,84.7,199.5,3.54,86.3,217.5,3.12,81.9,3.84,79.5,425,1.82,74.95,2.906,22400.0,30.6
2013-09-26,823.27,3.15,85.4,226.1,1.81,85.4,242.9,3.47,80.6,3.65,79.7,461,1.85,74.35,3.1519999999999997,21000.0,31.07
2013-09-27,784.7,2.37,86.3,199.5,3.02,86.8,263.5,3.23,80.6,3.48,79.7,466,1.84,75.15,3.04,28000.0,31.7
2013-09-28,712.88,,,219.45,,,283.55,,,,,501,,,3.0269999999999997,12600.0,31.39
2013-09-29,768.74,,,212.8,,,208.2,,,,,420,,,3.114,15400.0,31.16
2013-09-30,948.29,2.21,86.8,212.8,4.07,88.0,201.2,3.96,80.8,,,429,1.72,75.0,2.877,14000.0,30.22
2013-10-01,893.76,,,199.5,,,251.5,,,,,334,,,2.877,9800.0,28.69
2013-10-02,780.71,0.87,85.7,212.8,5.61,89.1,194.2,4.0,81.1,4.66,79.7,403,2.05,80.5,2.8819999999999997,14000.0,28.92
2013-10-03,722.19,2.28,85.0,212.8,3.54,85.2,205.2,3.96,80.6,3.92,80.1,416,2.08,75.5,2.162,16800.0,30.43
2013-10-04,661.0,1.5,84.4,212.8,3.85,86.1,141.2,3.27,81.4,4.18,80.8,368,2.38,84.1,2.221,15400.0,30.37
2013-10-05,633.08,,,226.1,,,116.9,,,,,122,,,1.679,7000.0,32.07
2013-10-06,703.57,,,226.1,,,241.9,,,,,459,,,2.167,4200.0,31.97
2013-10-07,730.17,1.61,83.3,212.8,1.84,84.4,240.2,,,3.94,80.6,453,2.31,77.2,1.6219999999999999,2800.0,30.8
2013-10-08,704.9,0.76,84.8,199.5,2.38,85.4,215.5,4.39,81.6,3.87,80.5,396,1.63,82.7,2.124,5600.0,30.64
2013-10-09,712.88,0.62,82.1,199.5,1.88,84.4,198.5,3.88,81.1,,,434,2.07,74.55,2.214,8400.0,29.89
2013-10-10,643.72,0.17,70.0,199.5,1.69,85.0,238.5,3.63,81.0,,,422,1.415,76.75,2.9410000000000003,4200.0,28.53
2013-10-11,759.43,,,199.5,,,203.5,,,4.35,80.2,405,2.155,75.95,2.499,2800.0,30.02
2013-10-12,783.37,,,199.5,,,203.5,,,,,410,,,2.575,2800.0,29.46
2013-10-13,742.14,,,199.5,,,251.5,,,,,442,,,2.679,4200.0,29.59
2013-10-14,655.69,0.94,83.3,199.5,1.15,85.0,227.5,,,,,473,,,3.737,2800.0,28.76
2013-10-15,691.6,1.87,86.7,199.5,1.98,85.9,178.5,,,3.39,80.0,374,2.12,76.6,3.025,5600.0,28.71
2013-10-16,758.1,0.93,86.3,199.5,1.28,85.7,181.5,4.21,81.3,4.26,79.7,365,1.985,75.35,2.8089999999999997,7000.0,29.94
2013-10-17,940.31,3.03,86.7,199.5,3.75,88.1,169.5,3.77,81.1,4.66,80.3,438,2.11,75.4,2.838,7000.0,29.95
2013-10-18,713.28,1.7,86.4,199.5,2.08,86.2,230.5,4.05,80.4,3.94,80.1,413,2.005,73.65,2.987,5600.0,31.11
2013-10-19,813.96,,,199.5,,,271.5,,,,,425,,,2.7510000000000003,2800.0,29.87
2013-10-20,707.56,,,199.5,,,264.5,,,,,456,,,3.478,2800.0,29.74
2013-10-21,824.6,1.87,85.1,199.5,3.54,86.8,113.5,5.16,81.5,3.25,80.3,386,1.79,75.3,2.335,4200.0,30.54
2013-10-22,694.26,1.5,85.9,199.5,4.05,87.3,169.5,3.79,81.1,,,368,2.495,74.9,2.364,5600.0,30.91
2013-10-23,798.0,1.84,86.3,199.5,4.55,87.0,134.5,4.0,81.3,3.74,80.4,345,1.91,76.0,2.799,5600.0,30.68
2013-10-24,845.88,2.31,84.5,199.5,4.6,85.0,180.5,3.67,81.0,3.88,80.1,376,1.915,75.15,3.549,5600.0,30.91
2013-10-25,840.56,1.6,86.2,199.5,3.47,86.3,149.5,3.49,81.2,3.86,80.4,348,1.98,76.5,3.071,5600.0,31.02
2013-10-26,695.59,,,199.5,,,165.5,,,,,361,,,2.9789999999999996,2800.0,30.59
2013-10-27,788.05,,,199.5,,,148.5,,,,,301,,,3.09,2800.0,30.91
2013-10-28,671.65,0.28,76.9,199.5,2.08,85.9,271.5,5.55,81.3,3.82,80.2,513,1.735,76.7,3.227,4200.0,30.83
2013-10-29,776.72,2.62,83.6,199.5,3.77,84.3,252.5,4.21,80.9,3.03,80.4,465,1.785,76.1,3.236,5600.0,30.61
2013-10-30,811.3,0.83,84.6,199.5,4,85.0,208.5,3.55,81.1,3.77,80.2,409,2.42,72.9,3.16,5600.0,30.69
2013-10-31,808.64,1.72,82.1,199.5,3.45,83.6,274.5,3.22,80.9,3.86,79.5,485,2.56,75.8,3.0060000000000002,5600.0,29.51
2013-11-01,794.0,4.0,85.0,199.5,4.9,86.0,210.5,3.4,79.0,3.2,80.0,423,,,2.511,7000.0,29.0
2013-11-02,732.0,,,199.5,,,117.5,,,,,314,,,2.7739999999999996,2800.0,31.0
2013-11-03,869.0,,,199.5,,,185.5,,,,,376,,,1.929,4200.0,31.0
2013-11-04,832.0,1.6,84.0,199.5,1.8,82.0,111.5,4.1,80.0,3.8,79.0,325,1.8,76.0,2.8510000000000004,4200.0,31.0
2013-11-05,813.0,1.4,82.0,133.0,1.6,82.0,218.0,4.2,79.0,4.0,79.0,440,2.0,74.0,3.2560000000000002,5600.0,32.0
2013-11-06,562.0,1.2,83.0,203.49,4,80.0,251.51,3.6,79.0,,,437,1.8,76.0,2.943,7000.0,32.0
2013-11-07,631.0,1.6,82.0,199.5,3.4,81.0,171.5,2.0,80.0,4.3,78.0,382,1.9,76.0,4.1530000000000005,5600.0,32.0
2013-11-08,718.0,1.4,80.0,199.5,1.6,83.0,145.5,1.8,77.0,4.8,77.0,346,2.0,74.0,3.576,8400.0,32.0
2013-11-09,796.0,,,199.5,,,241.5,,,,,435,,,3.21,2800.0,32.0
2013-11-10,710.0,,,199.5,,,332.5,,,,,521,,,3.7239999999999998,4200.0,32.0
2013-11-11,659.0,1.0,82.0,199.5,1.3,83.0,257.5,5.4,80.0,3.9,78.0,467,2.6,80.0,3.614,4200.0,30.0
2013-11-12,779.0,2.0,84.0,199.5,2.3,84.0,267.5,4.6,80.0,,,455,2.3,76.0,3.213,2800.0,30.0
2013-11-13,739.0,2.3,84.0,199.5,2.4,84.0,294.5,,,,,489,2.1,75.0,3.2430000000000003,5600.0,32.0
2013-11-14,892.0,1.1,83.0,199.5,1.1,85.0,468.5,3.2,79.0,,,1034,1.6,74.0,3.815,5600.0,30.0
2013-11-15,799.0,1.5,83.0,199.5,1.6,83.0,387.5,1.9,78.0,,,595,1.1,71.0,3.595,8400.0,30.0
2013-11-16,879.0,,,199.5,,,397.5,,,,,605,,,3.48,4200.0,31.0
2013-11-17,712.0,,,199.5,,,295.5,,,,,495,,,3.69,5600.0,31.0
2013-11-18,960.26,2.4,86.0,199.5,2.8,87.0,217.5,4.0,79.0,,,417,2.0,70.0,3.806,4200.0,31.0
2013-11-19,896.42,2.1,85.0,199.5,3.7,87.0,300.5,3.2,79.0,,,491,1.6,74.0,3.365,5600.0,31.0
2013-11-20,900.41,0.72,82.0,199.5,3.5,86.0,322.5,2.6,79.0,,,519,2.2,74.0,4.361000000000001,7000.0,31.0
2013-11-21,817.95,3.4,86.0,199.5,3.5,86.0,278.5,4.4,80.0,4.1,79.0,483,1.9,76.0,3.841,4200.0,31.0
2013-11-22,845.88,2.0,84.0,199.5,3,86.0,251.5,3.7,80.0,3.6,78.0,447,2.1,74.0,3.554,1400.0,30.0
2013-11-23,853.86,,,199.5,,,262.5,,,,,460,,,3.167,1400.0,29.0
2013-11-24,901.74,,,199.5,,,330.5,,,,,528,,,4.346,4200.0,30.0
2013-11-25,985.53,2.3,87.0,199.5,3.2,86.0,213.5,4.8,81.0,3.8,79.0,436,1.8,75.0,4.212,4200.0,31.0
2013-11-26,929.0,2.7,87.0,199.5,4.3,88.0,243.5,6.2,81.0,4.9,80.0,443,2.3,75.0,4.144,5600.0,31.0
2013-11-27,816.0,2.4,87.0,199.5,2.6,88.0,303.5,2.9,80.0,4.9,80.0,503,2.6,81.0,3.7569999999999997,7000.0,29.0
2013-11-28,921.0,1.6,87.0,199.5,5.3,91.0,222.5,4.6,80.0,4.6,79.0,416,2.1,72.0,4.416,5600.0,26.0
2013-11-29,841.0,,,199.5,,,214.5,3.3,80.0,3.4,79.0,419,1.8,72.0,3.8789999999999996,5600.0,29.0
2013-11-30,861.0,,,199.5,,,222.5,,,,,422,,,3.815,2800.0,30.0
2013-12-01,956.0,,,199.5,,,194.5,,,,,401,,,3.3089999999999997,2800.0,31.0
2013-12-02,816.0,0.29,80.0,199.5,2,87.0,238.5,3.6,81.0,5.1,80.0,435,2.8,76.0,3.372,2800.0,30.0
2013-12-03,778.0,0.3,77.0,199.5,1.2,89.0,310.5,3.6,81.0,5.5,80.0,496,2.0,74.0,3.917,4200.0,30.0
2013-12-04,710.2,0.52,83.0,199.5,0.56,83.0,475.5,4.9,81.0,4.6,80.0,670,2.2,76.0,4.02,5600.0,30.0
2013-12-05,877.8,0.79,82.0,199.5,1.5,85.0,251.5,3.5,81.0,4.7,80.0,462,2.1,74.0,4.202,5600.0,30.0
2013-12-06,811.3,0.3,78.0,199.5,1,81.0,247.5,4.7,81.0,4.7,80.0,441,2.0,73.0,3.888,5600.0,30.0
2013-12-07,857.8,,,199.5,,,253.5,,,,,437,,,3.84,2800.0,29.0
2013-12-08,887.1,,,199.5,,,331.5,,,,,530,,,4.251,4200.0,30.0
2013-12-09,799.38,2.1,88.0,199.5,2.8,88.0,250.5,2.2,82.0,4.4,81.0,456,2.0,72.0,4.553999999999999,4200.0,30.0
2013-12-10,855.19,1.5,87.0,199.5,1.5,88.0,204.5,3.3,81.0,4.0,81.0,384,2.0,76.0,4.172,5600.0,30.0
2013-12-11,799.33,1.5,88.0,199.5,1.6,87.0,160.5,2.2,82.0,4.3,82.0,401,1.8,75.0,3.8810000000000002,4200.0,30.0
2013-12-12,891.1,1.4,86.0,199.5,1.5,87.0,199.5,3.1,83.0,4.8,82.0,396,2.0,76.0,4.455,5600.0,30.0
2013-12-13,799.33,,,199.5,,,279.5,,,4.6,82.0,480,2.0,73.0,4.573,4200.0,30.0
2013-12-14,799.0,,,199.5,,,319.5,,,,,511,,,4.421,4200.0,31.0
2013-12-15,691.6,,,199.5,,,225.5,,,,,436,,,3.339,2800.0,31.0
2013-12-16,938.98,2.4,87.0,199.5,3.5,87.0,250.5,4.1,83.0,4.5,82.0,450,2.0,76.0,3.4789999999999996,2800.0,30.0
2013-12-17,970.9,1.5,86.0,199.5,6.7,93.0,223.5,4.3,83.0,4.9,82.0,421,1.8,71.0,3.944,4200.0,29.0
2013-12-18,845.88,1.2,88.0,199.5,4.2,89.0,245.5,2.8,82.0,3.7,82.0,426,2.2,78.0,3.594,4200.0,32.0
2013-12-19,852.53,1.4,87.0,199.5,6.4,92.0,230.5,4.4,84.0,3.1,82.0,449,2.0,76.0,3.716,5600.0,32.0
2013-12-20,824.6,3.2,86.0,199.5,5.1,85.0,193.5,3.9,83.0,3.0,83.0,392,1.8,76.0,3.411,4200.0,29.0
2013-12-21,853.86,,,199.5,,,194.5,,,,,370,,,3.5389999999999997,2800.0,29.0
2013-12-22,911.05,,,199.5,,,161.5,,,,,382,,,3.656,2800.0,30.0
2013-12-23,845.88,1.5,86.0,199.5,5.5,91.0,311.5,2.7,84.0,4.0,83.0,520,1.7,75.0,4.33,2800.0,29.0
2013-12-24,899.0,1.4,85.0,199.5,4.1,90.0,134.5,6.1,84.0,5.7,83.0,337,1.8,76.0,3.7310000000000003,5600.0,29.0
2013-12-25,1062.0,,,199.5,,,320.5,,,,,515,,,3.2569999999999997,5600.0,31.0
2013-12-26,718.0,,,199.5,,,206.5,,,,,406,,,3.179,5600.0,30.0
2013-12-27,823.0,1.7,87.0,199.5,3.7,86.0,242.5,3.5,84.0,3.6,82.0,445,1.7,75.0,3.685,5600.0,32.0
2013-12-28,885.0,,,199.5,,,217.5,,,,,416,,,2.9589999999999996,5600.0,32.0
2013-12-29,836.0,,,199.5,,,274.5,,,,,464,,,2.845,2800.0,32.0
2013-12-30,957.0,,,199.5,,,219.5,3.6,84.0,6.2,82.0,427,1.7,79.0,3.162,2800.0,32.0
2013-12-31,937.0,0.38,80.0,199.5,0.48,84.0,209.5,3.4,85.0,7.9,83.0,401,1.8,76.0,3.403,5600.0,31.0
2014-01-01,710.0,,,199.5,,,215.5,,,,,414,,,3.034,2800.0,32.0
2014-01-02,940.0,0.73,88.0,199.5,1.6,85.0,282.5,2.7,84.0,3.6,83.0,484,1.8,79.0,3.1689999999999996,7000.0,32.0
2014-01-03,1034.0,0.53,84.0,199.5,1.2,87.0,224.5,3.7,85.0,3.5,83.0,414,1.6,78.0,2.926,5600.0,31.0
2014-01-04,1004.0,,,199.5,,,317.5,,,,,509,,,2.9939999999999998,7000.0,32.0
2014-01-05,823.0,,,199.5,,,312.5,,,,,503,,,3.0669999999999997,2800.0,31.0
2014-01-06,796.0,1.7,87.0,199.5,1.9,88.0,159.5,2.1,84.0,3.9,83.0,368,1.6,74.0,2.9789999999999996,4200.0,30.0
2014-01-07,895.0,1.5,87.0,199.5,6,84.0,295.5,3.1,84.0,4.0,84.0,496,2.0,80.0,3.1289999999999996,7000.0,30.0
2014-01-08,831.0,1.4,89.0,199.5,2,87.0,218.5,1.8,83.0,,,410,1.8,79.0,3.248,5600.0,31.0
2014-01-09,844.0,1.7,87.0,199.5,2,86.0,172.5,3.4,83.0,,,374,1.8,80.0,2.577,7000.0,29.0
2014-01-10,812.0,1.4,86.0,199.5,1.8,83.0,212.5,3.1,83.0,4.3,82.0,411,1.6,78.0,2.56,5600.0,29.0
2014-01-11,1095.0,,,199.5,,,221.5,,,,,403,,,2.467,4200.0,32.0
2014-01-12,840.0,,,199.5,,,354.5,,,,,563,,,2.34,2800.0,31.0
2014-01-13,696.0,1.2,85.0,199.5,3.8,84.0,188.5,3.2,84.0,,,401,1.7,73.0,2.549,4200.0,31.0
2014-01-14,769.0,2.1,85.0,199.5,3.6,87.0,190.5,3.8,83.0,4.3,83.0,385,2.2,80.0,2.5069999999999997,0.0,31.0
2014-01-15,927.0,2.1,86.0,199.5,2.4,86.0,289.5,3.2,83.0,3.9,82.0,453,1.7,78.0,3.045,5600.0,33.0
2014-01-16,822.0,1.8,87.0,199.5,2.1,88.0,262.5,3.7,83.0,3.8,83.0,505,2.0,78.0,2.91,5600.0,29.0
2014-01-17,876.0,1.8,86.0,199.5,1.8,86.0,305.5,2.6,83.0,3.9,83.0,479,1.6,75.0,3.4939999999999998,4200.0,29.0
2014-01-18,815.0,,,199.5,,,244.5,,,,,449,,,3.358,5600.0,31.0
2014-01-19,868.0,,,199.5,,,253.5,,,,,444,,,3.096,2800.0,29.0
2014-01-20,681.0,3.0,87.0,199.5,6.4,87.0,278.5,4.5,83.0,4.1,83.0,472,2.4,79.0,3.326,4200.0,30.0
2014-01-21,965.0,0.25,77.0,199.5,3.5,88.0,254.5,3.4,83.0,4.0,83.0,486,1.9,78.0,2.883,5600.0,29.0
2014-01-22,949.0,1.4,87.0,199.5,1.9,87.0,261.5,2.6,85.0,3.4,83.0,455,1.9,78.0,3.1919999999999997,5600.0,30.0
2014-01-23,972.0,2.0,86.0,199.5,2.1,88.0,153.5,,,3.9,83.0,351,1.9,79.0,3.2119999999999997,5600.0,30.0
2014-01-24,795.0,,,199.5,,,338.5,,,4.8,83.0,531,1.8,76.0,2.9019999999999997,4200.0,30.0
2014-01-25,1054.0,,,199.5,,,283.5,,,,,496,,,3.3960000000000004,5600.0,31.0
2014-01-26,637.0,,,520.0,,,425.0,,,,,957,,,3.3739999999999997,2800.0,31.0
2014-01-27,852.0,0.61,86.0,133.0,1.4,87.0,222.0,4.6,84.0,4.7,83.0,349,2.0,78.0,4.1419999999999995,4200.0,30.0
2014-01-28,1057.0,1.6,87.0,199.5,2.2,86.0,227.5,2.3,84.0,4.9,83.0,433,1.9,76.0,3.69,5600.0,31.0
2014-01-29,881.0,2.1,87.0,199.5,2.1,88.0,227.5,3.5,84.0,5.2,83.0,400,2.2,78.0,3.2,4200.0,31.0
2014-01-30,832.0,0.91,86.0,199.5,2.5,86.0,206.5,3.3,82.0,5.4,83.0,432,2.0,76.0,3.4339999999999997,2800.0,30.0
2014-01-31,931.0,,,199.5,,,235.5,,,,,414,,,3.8960000000000004,0.0,
2014-02-01,784.0,,,199.5,,,352.5,,,,,552,,,3.18,0.0,
2014-02-02,724.0,,,199.5,,,332.5,,,,,533,,,3.3989999999999996,2800.0,29.0
2014-02-03,835.0,,,199.5,,,378.5,,,,,580,,,3.783,2800.0,30.0
2014-02-04,1118.0,2.1,88.0,199.5,2.7,89.0,379.5,3.8,84.0,5.3,83.0,587,1.9,80.0,4.128,4200.0,29.0
2014-02-05,594.0,,,199.5,,,273.5,,,4.7,83.0,461,2.0,78.0,3.9389999999999996,2800.0,29.0
2014-02-06,901.0,1.5,89.0,199.5,1.5,88.0,293.5,4.4,84.0,5.3,83.0,498,2.0,80.0,3.9130000000000003,4200.0,30.0
2014-02-07,758.0,0.31,88.0,199.5,0.42,82.0,504.5,4.1,83.0,5.3,83.0,705,2.0,77.0,3.7319999999999998,1400.0,31.0
2014-02-08,936.0,,,199.5,,,273.5,,,,,492,,,3.9189999999999996,1400.0,32.0
2014-02-09,915.0,,,199.5,,,281.5,,,,,435,,,3.4019999999999997,2100.0,31.0
2014-02-10,763.0,1.3,87.0,199.5,1.4,88.0,231.5,4.1,83.0,5.9,83.0,451,1.6,79.0,3.023,2100.0,30.0
2014-02-11,820.0,1.7,89.0,199.5,3.6,89.0,256.5,3.9,85.0,4.4,84.0,472,2.2,80.0,2.9739999999999998,2100.0,30.0
2014-02-12,711.0,3.1,87.0,199.5,3.7,90.0,207.5,4.6,85.0,5.4,84.0,401,2.1,80.0,3.258,2100.0,31.0
2014-02-13,775.0,1.8,86.0,199.5,2.9,85.0,199.5,4.9,85.0,3.7,84.0,406,1.9,79.0,3.386,2100.0,30.0
2014-02-14,920.0,2.3,88.0,66.5,4.7,84.0,296.5,3.9,85.0,4.0,84.0,354,2.2,80.0,3.0260000000000002,2100.0,31.0
2014-02-15,831.0,,,66.5,,,215.5,,,,,303,,,2.862,2100.0,30.0
2014-02-16,810.0,,,133.0,,,187.0,,,,,308,,,2.544,2100.0,31.0
2014-02-17,888.0,1.8,88.0,133.0,2.5,89.0,201.0,3.2,86.0,3.8,85.0,335,2.1,80.0,3.0989999999999998,2100.0,30.0
2014-02-18,763.0,1.5,87.0,66.5,2.3,88.0,254.5,4.9,85.0,3.9,84.0,327,2.0,80.0,2.714,2100.0,30.0
2014-02-19,900.0,1.8,89.0,66.5,2.1,87.0,224.5,3.9,85.0,,,291,2.0,79.0,2.411,2100.0,30.0
2014-02-20,875.0,2.0,88.0,133.0,2.1,89.0,243.0,3.6,85.0,3.1,85.0,372,,,3.034,2100.0,30.0
2014-02-21,1021.0,1.8,89.0,159.0,3.1,89.0,164.0,3.4,85.0,3.5,85.0,320,2.1,79.0,3.015,2100.0,30.0
2014-02-22,974.0,,,66.5,,,141.5,,,,,280,,,2.654,2100.0,31.0
2014-02-23,763.0,,,66.5,,,187.5,,,,,253,,,2.8,2100.0,31.0
2014-02-24,881.0,1.4,88.0,133.0,3.8,87.0,223.0,3.0,85.0,3.8,86.0,364,2.1,80.0,2.668,2100.0,31.0
2014-02-25,868.0,,,133.0,,,401.0,,,3.8,84.0,462,2.0,80.0,2.71,2100.0,29.0
2014-02-26,895.0,1.4,87.0,66.5,3.9,89.0,367.5,5.1,85.0,6.4,84.0,380,2.1,74.0,3.0780000000000003,2100.0,30.0
2014-02-27,902.0,2.4,87.0,66.5,3.3,87.0,136.5,4.1,84.0,4.0,84.0,226,3.5,82.0,2.318,2100.0,29.0
2014-02-28,801.0,1.7,87.0,133.0,2.8,86.0,187.0,3.5,84.0,,,300,1.9,79.0,2.964,2100.0,32.0
2014-03-01,861.0,,,133.0,,,136.0,,,,,263,,,2.5380000000000003,0.0,32.0
2014-03-02,861.0,,,66.5,,,257.5,,,,,322,,,2.362,4200.0,30.0
2014-03-03,912.0,2.9,88.0,66.5,3.2,90.0,142.5,2.8,84.0,4.8,84.0,222,2.2,70.0,2.595,5600.0,31.0
2014-03-04,1005.0,,,199.5,,,165.5,3.4,84.0,,,316,2.1,76.0,2.75,7000.0,31.0
2014-03-05,945.0,1.7,87.0,199.5,2.1,88.0,264.5,3.7,85.0,,,509,2.0,78.0,2.6069999999999998,5600.0,30.0
2014-03-06,768.0,1.4,87.0,199.5,1.5,87.0,156.5,2.6,84.0,,,354,2.0,80.0,2.362,4200.0,31.0
2014-03-07,900.0,1.6,88.0,199.5,1.6,86.0,177.5,3.7,83.0,,,358,2.6,80.0,1.985,4200.0,31.0
2014-03-08,744.0,,,199.5,,,139.5,,,,,339,,,2.8360000000000003,2800.0,32.0
2014-03-09,675.0,,,199.5,,,163.5,,,,,372,,,2.134,1400.0,31.0
2014-03-10,807.0,2.4,87.0,199.5,2.8,87.0,132.5,3.9,83.0,,,323,1.7,76.0,3.2310000000000003,1400.0,29.0
2014-03-11,764.0,1.7,89.0,199.5,3,88.0,150.5,4.9,84.0,5.7,82.0,339,2.2,78.0,2.475,1400.0,
2014-03-12,752.0,2.0,89.0,199.5,2.9,86.0,211.5,3.8,84.0,5.5,82.0,401,2.2,77.0,2.497,2800.0,29.0
2014-03-13,670.0,2.1,87.0,199.5,5,93.0,124.5,3.0,83.0,5.6,82.0,343,2.2,78.0,3.185,4200.0,29.0
2014-03-14,711.0,1.6,87.0,199.5,1.6,88.0,196.5,4.0,83.0,5.3,82.0,382,3.0,78.0,2.542,4200.0,29.0
2014-03-15,943.0,,,199.5,,,184.5,,,,,395,,,3.052,1400.0,32.0
2014-03-16,860.0,,,199.5,,,242.5,,,,,429,,,2.975,1400.0,33.0
2014-03-17,693.0,1.3,89.0,199.5,1.7,89.0,214.5,3.8,84.0,,,377,2.3,79.0,2.983,2800.0,29.0
2014-03-18,891.0,1.1,88.0,199.5,1.1,89.0,161.5,3.8,84.0,,,427,2.4,78.0,3.125,2800.0,29.0
2014-03-19,786.0,1.6,86.0,199.5,1.7,87.0,263.5,3.6,84.0,5.1,83.0,465,2.1,76.0,3.218,4200.0,29.0
2014-03-20,931.0,1.8,87.0,133.0,4.4,87.0,320.0,3.0,83.0,5.6,81.0,452,2.4,77.0,3.284,2800.0,30.0
2014-03-21,904.0,1.7,86.0,199.5,2.3,84.0,213.5,,,5.2,82.0,401,1.9,76.0,2.7910000000000004,2800.0,29.0
2014-03-22,819.0,,,199.5,,,196.5,,,,,396,,,2.8360000000000003,2800.0,30.0
2014-03-23,864.0,,,199.5,,,196.5,,,,,407,,,2.555,1400.0,29.0
2014-03-24,916.0,0.33,80.0,199.5,2.3,85.0,216.5,4.0,82.0,5.4,82.0,413,2.3,75.0,2.827,1400.0,30.0
2014-03-25,742.0,2.5,82.0,199.5,2.8,86.0,226.5,2.8,83.0,4.8,82.0,399,1.9,76.0,2.9210000000000003,4200.0,30.0
2014-03-26,863.0,0.79,86.0,199.5,1.8,88.0,263.5,3.0,83.0,4.2,82.0,470,2.5,78.0,3.114,2800.0,32.0
2014-03-27,651.0,1.9,88.0,199.5,3.7,82.0,221.5,2.8,83.0,4.7,83.0,446,2.2,78.0,2.807,2800.0,32.0
2014-03-28,836.0,1.8,84.0,199.5,,,236.5,3.2,82.0,4.9,82.0,437,3.0,81.0,3.02,2800.0,31.0
2014-03-29,530.0,,,199.5,,,284.5,,,,,420,,,2.7710000000000004,2800.0,29.0
2014-03-30,570.0,,,199.5,,,264.5,,,,,520,,,2.7,1400.0,29.0
2014-03-31,621.0,2.2,82.0,199.5,3,74.0,257.5,3.0,84.0,4.9,82.0,445,2.1,77.0,2.551,2800.0,30.0
2014-04-01,591.0,2.0,85.0,199.5,2.3,87.0,217.5,4.1,84.0,5.2,83.0,420,2.8,82.0,2.504,4200.0,31.0
2014-04-02,665.0,2.0,87.0,199.5,2.1,87.0,290.5,3.6,82.0,5.3,82.0,496,2.0,78.0,2.859,2800.0,30.0
2014-04-03,732.0,1.4,86.0,199.5,2,85.0,182.5,4.2,83.0,4.5,81.0,384,2.0,80.0,2.6260000000000003,4200.0,30.0
2014-04-04,618.0,1.8,80.0,199.5,2,82.0,134.5,2.6,81.0,5.3,81.0,326,2.0,73.0,2.574,2800.0,29.0
2014-04-05,545.0,,,199.5,,,149.5,,,,,362,,,2.713,1400.0,30.0
2014-04-06,760.0,,,199.5,,,273.5,,,,,375,,,2.58,2800.0,30.0
2014-04-07,556.0,2.0,86.0,199.5,2.8,81.0,252.5,5.0,83.0,6.1,81.0,431,3.0,79.0,2.4659999999999997,1400.0,31.0
2014-04-08,698.0,3.1,88.0,199.5,,,186.5,3.6,83.0,4.9,82.0,389,2.6,82.0,2.461,4200.0,31.0
2014-04-09,556.0,2.5,86.0,199.5,,,199.5,3.9,82.0,3.9,81.0,421,2.1,78.0,2.716,1400.0,31.0
2014-04-10,557.0,2.1,85.0,199.5,,,287.5,3.1,82.0,4.0,82.0,424,2.3,78.0,2.68,2800.0,31.0
2014-04-11,739.0,0.89,84.0,199.5,,,249.5,2.6,82.0,5.3,82.0,465,2.6,80.0,2.905,1400.0,29.0
2014-04-12,653.0,,,199.5,,,226.5,,,,,425,,,2.943,2800.0,30.0
2014-04-13,659.0,,,199.5,,,245.5,,,,,472,,,2.9139999999999997,1400.0,30.0
2014-04-14,671.0,1.7,85.0,199.5,,,202.5,3.2,84.0,3.7,82.0,423,1.8,77.0,2.678,1400.0,29.0
2014-04-15,720.0,2.8,87.0,199.5,,,304.5,4.4,82.0,4.0,82.0,488,3.6,80.0,2.739,4200.0,30.0
2014-04-16,619.0,2.8,87.0,199.5,,,205.5,4.8,84.0,4.9,82.0,408,2.4,77.0,2.9210000000000003,2800.0,30.0
2014-04-17,559.0,3.1,87.0,199.5,,,181.5,4.1,83.0,4.5,82.0,383,2.4,78.0,3.0860000000000003,4200.0,30.0
2014-04-18,565.0,,,199.5,,,265.5,,,,,460,,,2.665,1400.0,30.0
2014-04-19,692.0,,,199.5,,,224.5,,,,,426,,,2.8760000000000003,1400.0,31.0
2014-04-20,561.0,,,199.5,,,224.5,,,,,421,,,2.6839999999999997,1400.0,31.0
2014-04-21,560.0,,,199.5,,,168.5,,,,,383,,,2.55,2800.0,
2014-04-22,614.0,1.6,88.0,199.5,2.3,88.0,206.5,3.9,83.0,4.2,82.0,398,2.1,79.0,2.119,2800.0,29.0
2014-04-23,395.0,1.6,86.0,66.5,2.2,86.0,222.5,3.6,82.0,4.8,81.0,266,1.8,77.0,1.767,2800.0,30.0
2014-04-24,889.0,1.4,86.0,199.5,1.6,84.0,257.5,3.4,83.0,3.9,81.0,472,2.0,78.0,1.88,4200.0,29.0
2014-04-25,877.0,1.4,84.0,199.5,1.7,86.0,216.5,2.7,82.0,3.9,80.0,421,1.9,76.0,1.5130000000000001,2800.0,33.0
2014-04-26,711.0,,,199.5,,,271.5,,,,,470,,,1.824,2800.0,32.0
2014-04-27,711.0,,,199.5,,,188.5,,,,,390,,,1.67,1400.0,30.0
2014-04-28,993.0,1.9,84.0,199.5,1.9,85.0,185.5,2.7,82.0,4.9,81.0,392,1.8,76.0,1.6130000000000002,1400.0,32.0
2014-04-29,823.0,2.1,84.0,199.5,2.1,85.0,180.5,2.7,83.0,5.4,81.0,387,2.0,76.0,1.943,4200.0,32.0
2014-04-30,625.0,1.6,85.0,199.5,1.5,85.0,377.5,3.1,82.0,,,569,1.9,77.0,1.811,4200.0,29.0
