,Day,PS_Q_DAY,PS_DS_DAY,PS_VS_DAY,TPS_Q1_DAY,TPS_DS_DAY,TPS_VS_DAY,TWAS_DAF_QIN_DAY,TWAS_DAF_Q2_DAY,TWAS_DAF_DS_DAY,TWAS_DAF_VS_DAY,TWAS_CENT_Q3_DAY,TWAS_CENT_DS_DAY,TWAS_CENT_VS_DAY,SONIC_TWAS_Q_DAY,SONIC_TWAS_DDCOD_WEEK,DIGESTED_SLUDGE_QOUT_DAY,DIGESTED_SLUDGE_DS_3_PER_WEEK,DIGESTED_SLUDGE_VS_3_PER_WEEK,BIOGAS_PRODUCTION_Q_DAY,CH4CONTENT_WEEKLY,DIG_SLUDGE_DEWATER_FEED,DIG_SLUDGE_DEWATER_FECL3_DAY,DIG_SLUDGE_DEWATER_PLYMER_CONSUMPTION_3_PER_WEEK,DIG_SLUDGE_DEWATER_DS_AFTER_DEWATER_3_PER_WEEK,CAKE
0,1,1197,,,199.5,,,242.5,,,,,,,,,414,,,5.064,,,5600,,32.1,
1,2,1197,,,199.5,,,165.5,,,,,,,,,392,,,5.293,,,2800,,32.1,
2,3,1197,0.18,60,199.5,2.01,89.13,241.5,,5.01,87.25,,,,,,428,2.09,77.85,5.609,,,4200,3.865907402452830,32.1,
3,4,1197,0.57,81.81,170,2.91,91.3,194,,5.48,82.17,,2.78,82.92,,,354,1.88,,4.47,,,5600,4.39970967984678,31.8,
4,5,1197,0.45,72.72,199.5,3.17,91.22,193.5,,5.36,84.78,,3.98,81.73,,,383,2.05,77.41,2.848,,,5600,4.5098339261432300,31.4,
5,6,1197,0.2,83.33,199.5,1.93,88.57,190.5,,5.27,83.33,,3.53,82.79,,,392,1.9,75.51,2.612,,,4200,4.659085852011050,31.1,
6,7,1197,,,199.5,,,229.5,,,,,,,,,454,,,3.444,,,1400,,31.9,
7,8,1197,,,175,,,196,,,,,,,,,364,,,3.784,,,2800,,32.4,
8,9,1197,0.83,78.57,199.5,0.89,83.36,356.5,,4.97,85.18,,4.23,83.17,,,537,1.89,73.52,4.108,,,4200,2.639917685545930,32.3,
9,10,1197,2.09,90.32,199.5,,,218.5,,4.58,85.33,,4.17,87.78,,,414,2.0950000000000000,77.975,3.641,,,5600,4.674007329488180,32.1,
10,11,1197,1.78,90.47,199.5,1.75,91.89,273.5,,2.85,89.53,,,,,,465,2.035,81.245,4.16,,,7000,6.000730433739000,31.8,
11,12,1197,2.11,88.23,199.5,2.32,89.47,171.5,,2.84,85.5,,,,,,384,1.9375,79.76000000000000,3.598,,,5600,9.603374029562500,30.7,
12,13,1197,1.77,83.54,199.5,1.85,92.5,71.5,,3.22,86.07,,,,,,236,,,2.815,62,,7000,20.316289601002100,32,
13,14,1197,,,199.5,,,291.5,,,,,,,,,516,,,2.428,,,2800,,31.6,
14,15,1197,,,199.5,,,235.5,,,,,,,,,428,,,2.96,,,7000,,31.4,
15,16,1197,1.47,89.28,199.5,3.7,87.5,384.5,,2.84,84.87,,,,,,606,1.895,76.88500000000000,3.448,,,2800,4.283429508634510,31.8,
16,17,1197,1.95,89.18,199.5,3.54,88.79,277.5,,4.92,85.26,,,,,,453,1.905,77.875,3.388,,,4200,3.425927894850000,32.2,
17,18,1197,2.2,89.74,199.5,2.22,90,275.5,,2.77,86.15,,,,,,460,1.89,76.8,3.913,,,5600,6.129216134548550,31.5,
18,19,1197,1.49,88.46,199.5,1.55,88.88,267.5,,2.62,85.71,,,,,,467,1.9850000000000000,79.185,4.097,,,4200,6.6739235996842500,31.5,
19,20,1197,2.18,87.87,199.5,3.74,86.86,259.5,,4.58,84.96,,,,,,414,1.97,75.465,4.068,,,7000,3.935532183017990,34.9,
20,21,1197,,,199.5,,,164.5,,,,,,,,,411,,,4.692,,,4200,,30.3,
21,22,1197,,,199.5,,,234.5,,,,,,,,,392,,,4.375,,,2800,,30.7,
22,23,1197,,,199.5,,,212.5,,,,,,,,,469,,,4.248,,,0,,,
23,24,1197,,,199.5,,,156.5,,,,,,,,,368,,,3.649,,,0,,,
24,25,1197,,,199.5,,,164.5,,,,,,,,,369,,,3.577,,,4200,,31.4,
25,26,1197,2.3,91.89,199.5,4.92,90,120.5,,3.73,85.29,,4.07,84.61,,,330,1.81,78.11500000000000,3.547,,,1400,10.406637568751100,31.5,
26,27,1197,1.63,90.9,199.5,1.7,89.65,319.5,,2.71,84.78,,4.44,83.33,,,510,1.835,76.38500000000000,4.503,63,,2800,5.402143980549300,31.4,
27,28,1197,,,199.5,,,108.5,,,,,,,,,307,,,3.253,,,2800,,32,
28,29,1197,,,199.5,,,181.5,,,,,,,,,375,,,4.162,,,4200,,31.3,
29,30,1197,1.11,90.9,66.5,3.39,90.47,249.5,,3.61,85.1,,3.97,84.41,,,316,1.8900000000000000,78.195,4.66,,,4200,5.193122371989090,30.2,
30,31,1197,0.65,92.3,133,4.42,91.51,289,,4.2,85.86,,,,,,425,1.895,76.805,3.946,,,4200,3.8535338233965300,30.4,
31,1,1197,0.44,91.66,133,3.7,91,208,,,,,4.8,84.84,,,322,2.2200000000000000,77.98000000000000,3.284,,,4200,5.181905402008120,30.7,
32,2,1197,0.16,80,66.5,3.77,90.47,233.5,,,,,4.08,84.33,,,322,1.8250000000000000,76.76000000000000,3.139,,,5600,3.7940742711168900,28.4,
33,3,1197,1.95,90,66.5,2.4,86,277.5,,,,,3.98,84.81,,,341,1.27,81.20000000000000,2.987,,,5600,3.74641239283545,29.9,
34,4,1197,,,133,,,230,,,,,,,,,346,,,3.176,,,0,,,
35,5,1197,,,133,,,341,,,,,,,,,375,,,2.984,,,1400,,30.2,
36,6,1197,0.49,92.3,66.5,1.35,92,242.5,,,,,4.43,85.71,,,410,1.76,80.76,3.798,,,5600,3.941513885238770,31.4,
37,7,1197,0.86,91.66,133,1.64,85.71,203,,,,,4.88,85.18,,,348,2.045,77.59,4.009,,,7000,4.544754015188930,31.8,
38,8,1197,,,133,,,260,,4.37,86.02,,,,,,388,1.98,77.06,3.791,,,4200,4.904430375905160,31.8,
39,9,1197,1.1,86.36,66.5,1.75,89.09,295.5,,3.53,85.51,,,,,,361,2.185,77.5,3.925,,,2800,5.342089599999470,31.9,
40,10,1197,2.31,89.58,66.5,2.58,87.67,209.5,,3.92,86.15,,,,,,282,2.11,73.68,3.22,,,4200,6.785365779922370,31.6,
41,11,1197,,,133,,,229,,,,,,,,,362,1.9,74.28,3.08,,,4200,,32,
42,12,1197,,,66.5,,,192.5,,,,,,,,,255,,,3.048,,,5600,,31.3,
43,13,1197,2.26,90.24,66.5,5.52,88.61,214.5,,,,,,,,,283,2.06,81.66,3.1,62,,7000,5.005514274001420,29.5,
44,14,1197,1.77,89.28,133,2.49,86.56,250,,4.63,86.31,,,,,,337,2.82,79.47,3.105,,,5600,4.814180382810750,29.6,
45,15,1197,2.3,86.66,66.5,3.12,89.47,260.5,,5.04,85.71,,,,,,336,1.96,79.48,3.951,,,7000,4.244290431331270,29.8,
46,16,1197,2.19,86.36,66.5,3.12,91.78,212.5,,,,,,,,,288,,,4.181,,,5600,4.313013771751900,29.8,
47,17,1197,1.84,87.17,133,3.26,87.03,223,,4.7,86.45,,,,,,351,2.115,76.55,3.219,,,4200,5.316681416948240,31.7,
48,18,1197,,,133,,,290,,,,,,,,,406,,,3.308,,,2800,,30.5,
49,19,1197,,,66.5,,,341.5,,,,,,,,,407,,,3.523,,,4200,,30.1,
50,20,1197,2.04,88.09,66.5,3.62,85.4,277.5,,4.4,85.71,,,,,,363,2.295,76.93,3.659,,,4200,4.563811460363180,32,
51,21,1197,1.78,89.47,133,3.57,88,238,,4.7,85.12,,,,,,363,2.1400000000000000,78.735,3.06,,,5600,4.9815964536952000,31.9,
52,22,1197,1.89,91.3,133,4.84,92.1,241,,,,,,,,,365,2.79,81.2,2.879,,,5600,3.503340747581700,31.9,
53,23,1197,1.51,90.32,66.5,3.87,92.4,318.5,,,,,,,,,387,2.335,78.285,3.123,,,7000,2.9653906250716800,,
54,24,1197,2.37,90.24,159.6,3.01,86.88,230.4,,5.21,83.83,,,,,,388,2.165,77.455,2.991,,,4200,4.6421926592685700,28,
55,25,1197,,,133,,,310,,,,,,,,,438,,,3.393,,,2800,,32.7,
56,26,1197,,,199.5,,,352.5,,,,,,,,,549,,,3.558,,,4200,,33,
57,27,1197,0.32,90,66.5,4.69,88.17,366.5,,5.58,84.25,,,,,,444,2.17,80.95,4.025,63,,4200,2.7248034507882100,,
58,28,1197,0.14,75,199.5,4.82,89.58,246.5,,,,,,,,,447,2.22,79.48,3.331,,,7000,4.008181054697290,,
59,29,1197,0.19,83.3,199.5,3.04,100,261.5,,5.25,84.6,,,,,,421,2.34,79.2,2.948,,,5600,4.058937480180970,,
60,1,1197,0.31,88.9,199.5,3.05,89.3,246.5,,5.19,86.3,,,,,,464,2.1950000000000000,79.45,3.31,,,5600,4.286501164856690,32.1,
61,2,1197,0.97,89.5,199.5,1.95,89.1,400.5,,5.94,86.5,,,,,,610,2.5,83.3,4.077,,,7000,2.305145070237090,32,
62,3,1197,,,199.5,,,241.5,,,,,,,,,441,,,4.129,,,4200,,34.9,
63,4,1197,,,199.5,,,239.5,,,,,,,,,435,,,3.765,,,4200,,34.7,
64,5,1197,0.774,93.8,199.5,0.812,90.9,278.5,,5.78,86,,,,,,473,2.01,64,3.339,,,5600,3.406702346195910,35.8,
65,6,1197,2.71,91.17,199.5,3.36,88.59,300.5,,5.74,88.88,,,,,,429,2.3500000000000000,78.515,3.675,,,4200,3.1792952325345900,34.9,
66,7,1197,1.4,88.6,199.5,1.44,88.9,394.5,,4.43,85.3,,,,,,590,2.4700000000000000,77.1,4.439,,,8400,3.1378811752694000,35,
67,8,1197,1.2,86.2,199.5,1.24,84.4,269.5,,2.44,82.1,,,,,,474,,,3.358,,,5600,8.339473475078220,,
68,9,1197,1.9,88.9,199.5,1.84,87.7,252.5,,4.8,84.8,,,,,,452,2.2,79.4,2.573,,,7000,4.524646012988400,34,
69,10,1197,,,199.5,,,302.5,,,,,,,,,500,,,2.91,,,5600,,32.3,
70,11,1197,,,199.5,,,480.5,,,,,,,,,668,,,3.022,,,2800,,32.1,
71,12,1197,2.16,90.2,199.5,2.13,90.9,289.5,,5.76,83.8,,,,,,691,1.7000000000000000,86.4,3.527,63,,2800,3.2886387975808,32.1,
72,13,1197,1.8,98.3,66.5,3.92,91.4,269.5,,6.12,87.1,,,,,,342,,,2.983,,,4200,3.324888117514850,31.3,
73,14,1197,,,133,,,236,,,,,,,,,355,2.33,84.8,3.501,,,5600,,31.7,
74,15,1197,1.97,91.5,133,4.14,88.8,187,,4.07,85.8,,,,,,285,1.88,80.3,2.95,,,5600,7.205285797661160,29.1,
75,16,1197,2.45,90.4,66.5,3.87,82.2,418.5,,3.31,84.7,,,,,,488,2.175,74.8,3.02,,,4200,3.9588019128465100,34.3,
76,17,1197,,,66.5,,,244.5,,,,,,,,,339,,,3.56,,,4200,,30.9,
77,18,1197,,,133,,,261,,,,,,,,,400,,,3,,,2800,,30.7,
78,19,1197,2.51,89.2,133,3.98,89.7,318,,4.03,85.9,,,,,,392,3.1,81.3,3.06,,,4200,4.279125870235760,31.7,
79,20,1197,2,90.3,66.5,3.44,89.9,294.5,,3.79,89.3,,,,,,424,2.4050000000000000,79,2.814,,,8400,4.913180488141820,30.6,
80,21,1197,1.53,91.2,133,3,91.2,238,,5.19,86.8,,,,,,371,2.105,80.85,3.418,,,4200,4.439590492173000,,
81,22,1197,1.51,85.3,133,3.08,86.8,208,,4.87,84.3,,,,,,341,2.235,72.85,4.873,,,4200,5.413709295275170,29.5,
82,23,1197,1.6,88.2,66.5,3.94,86.4,239.5,,4.24,84.2,,7.31,84.8,,,305,1.9850000000000000,81.20000000000000,4.489,63,,4200,5.400274715151390,29.9,
83,24,1197,,,66.5,,,226.5,,,,,,,,,289,,,4.128,,,4200,,33.8,
84,25,1197,,,66.5,,,251.5,,,,,,,,,237,,,4.395,,,4200,,33.4,
85,26,1197,0.41,81.8,199.5,1.28,96.2,217.5,,3.26,86.2,,,,,,416,2.43,75,4.436,,,2800,7.734110383953090,31.9,
86,27,1197,0.09,50,199.5,1.76,87.5,235.5,,3.82,85.6,,7.14,84.6,,,352,1.365,80.9,5.464,,,7000,6.095831491137200,32.5,
87,28,1197,2.19,88.5,199.5,2.57,86,253.5,,1.91,84,,4.45,83.5,,,458,3.165,82.05,5.137,,,5600,11.325982770515300,32.8,
88,29,1197,0.2,75,199.5,2.8,84.8,258.5,,4.35,83.3,,4.15,82.5,,,464,2.34,76.9,5.333,,,5600,4.876827824310840,28.8,
89,30,1197,0.84,84.2,199.5,2.04,85.7,175.5,,,,,4.77,83.5,,,355,1.97,78.8,5.042,,,4200,,29.2,
90,31,1197,,,199.5,,,294.5,,,,,,,,,490,,,5.006,,,4200,,32,
91,1,1197,,,199.5,,,311.5,,,,,,,,,520,,,4.757,,,5600,,28.5,
92,2,1197,1.48,88.6,199.5,0.5,91.7,247.5,,5.11,85,,3.86,83.5,,,429,2.205,78.15,4.93,,,4200,3.510644606535020,27.3,
93,3,1197,1.24,86.7,199.5,1.7,85.7,298.5,,3.52,86,,4.14,81.8,,,498,1.93,78.8,5.417,,,4200,4.225673823663770,30.2,
94,4,1197,,,199.5,,,400.5,,,,,,,,,563,,,5.18,,,5600,,32,
95,5,1197,2.4,86.1,199.5,3.15,89.7,354.5,,6.26,86.2,,,,,,441,2.57,77.8,4.915,,,2800,2.0007480274156600,29.7,
96,6,1197,,,199.5,,,328.5,,,,,,,,,523,,,4.269,,,4200,,32.5,
97,7,1197,,,199.5,,,181.5,,,,,,,,,372,,,5.159,,,4200,,34.6,
98,8,1197,,,199.5,,,190.5,,,,,,,,,400,,,4.77,,,2800,,0,
99,9,1197,,,199.5,,,193.5,,,,,,,,,385,,,4.939,,,4200,,28.3,
100,10,1197,2.08,85.4,199.5,3.98,87,198.5,,4.2,83.8,,,,,,386,1.93,77.8,5.294,,,5600,5.325656711047140,28.4,
101,11,1197,1.88,87.1,199.5,0.46,85.7,240.5,,4.58,83.3,,,,,,430,1.86,75.9,5.686,,,5600,4.030903594222370,28,
102,12,1197,1.54,84,199.5,3.05,86,210.5,,4.41,82.7,,,,,,391,,,4.954,,,5600,4.782910789018700,27.7,
103,13,1197,2.5,87.8,199.5,3.7,87.3,185.5,,3.86,83.5,,,,,,345,,,5.291,63,,4200,6.20085750597042,31.1,
104,14,1197,,,199.5,,,155.5,,,,,,,,,328,,,5.687,,,5600,,31.7,
105,15,1197,,,199.5,,,197.5,,,,,,,,,322,,,5.203,,,4200,,32,
106,16,1197,2.07,86.7,199.5,2.19,86.5,143.5,,4.28,84.1,,,,,,403,2.27,71.4,4.95,,,5600,7.229151063206230,31.6,
107,17,1197,2.9,86.7,133,3.13,87.2,127,,5.77,84.1,,,,,,242,,,4.045,,,7000,6.059034648398590,32.8,
108,18,1197,1.24,95.2,133,3,90.9,167,,5.95,83.7,,,,,,290,2.13,77.8,3.144,,,8400,4.468374176017710,33.1,
109,19,1197,2.02,88.8,66.5,2.57,90,137.5,,3.77,82.9,,,,,,199,1.9,76.1,3.586,,,7000,8.565227875572700,34.3,
110,20,1197,3.03,85.1,66.5,3.14,85.7,150.5,,5.85,83.3,,,,,,219,,,4.305,,,4200,5.043018996507370,31.8,
111,21,1197,,,133,,,128,,,,,,,,,217,,,4.065,,,2800,,32.8,
112,22,1197,,,133,,,132,,,,,,,,,246,,,3.889,,,4200,,34.2,
113,23,1197,0.13,66.7,66.5,2.32,87.2,161.5,,4.89,83.5,,,,,,213,2.09,77.1,3.16,,,4200,5.6221390719671800,31.2,
114,24,1197,0.05,0,133,3.74,86.5,164,,7.12,82.6,,,,,,301,1.97,76.6,3.328,,,7000,3.8024116196218100,31.3,
115,25,1197,0.08,50,133,3.24,84.3,138,,4.92,81.8,,,,,,274,1.99,76,4.5,,,5600,6.539413220219160,32.6,
116,26,1197,0.08,50,133,2.78,83.7,134,,5.71,81.9,,,,,,256,2.24,71.9,3.843,,,4200,5.8028596073921100,31.5,
117,27,1197,0.35,83.3,133,4.53,83.9,221,,3.98,81.4,,,,,,330,2.11,76.1,3.114,63,,4200,5.047863753154920,31.5,
118,28,1197,,,66.5,,,201.5,,,,,,,,,251,,,3.525,,,4200,,32.5,
119,29,1197,,,133,,,230,,,,,,,,,255,,,3.67,,,7000,,31.5,
120,30,1197,1.41,83.9,66.5,1.41,86.2,213.5,,0.21,80,,,,,,261,1.87,74.4,3.218,,,4200,99.02977584476410,34.3,
121,1,1197,,,133,,,219,,,,,,,,,340,,,2.632,,,7000,,28,
122,2,1197,,,66,,,281,,,,,,,,,340,2.165,78.7,2.854,,,7000,,30.5,
123,3,1197,1.89,86.9,133,1.75,87.8,352,,5.27,81.5,,,,,,489,2.005,76.13,3.344,,,7000,2.23106222907288,33.1,
124,4,1197,0.95,83.3,133,1.07,95.5,291,,3.01,80.3,,,,,,423,2.36,74.2,3.602,,,4200,4.725039875580090,33.7,
125,5,1197,,,66,,,286,,,,,,,,,182,,,3.212,,,,,,
126,6,1197,,,133,,,249,,,,,,,,,424,,,3.171,,,2800,,32,
127,7,1197,1.76,87.9,133,4.3,88.4,300,,3.82,81.3,,,,,,448,2.25,78.9,3.296,,,4200,3.611439509091930,31.8,
128,8,1197,1.47,85.7,199.5,2.47,75.3,271.5,,2.83,66.7,,3.6,76.1,,,450,2.44,82.1,4.103,,,8400,5.386525164371940,31.3,
129,9,1197,1.64,81,199.5,3.32,85.1,266.5,,4.32,80.3,,3.48,78.9,,,478,2.18,73.5,4.645,,,7000,3.594876726269330,31.5,
130,10,1197,2.31,87.5,199.5,3.41,86.1,265.5,,3.22,80.4,,3.21,81.1,,,445,2.19,75.9,4.837,,,7000,4.841105704014870,32.4,
131,11,1197,2.1,86.7,199.5,3.89,86.8,361.5,,3.35,81.2,,4.37,80,,,478,2.165,73.7,4.21,64,,7000,3.4175262091363600,34.6,
132,12,1197,,,199.5,,,278.5,,,,,,,,,458,,,4.94,,,2800,,32.5,
133,13,1197,,,199.5,,,276.5,,,,,,,,,477,,,4.047,,,4200,,32,
134,14,1197,1.42,88,199.5,3.07,88,257.5,,3.82,81,,3.51,80.3,,,487,2.205,75.95,4.287,,,5600,4.20750234068963,33.8,
135,15,1197,2.12,87.5,199.5,5.45,87.9,145.5,,4.28,82.9,,3.4,81.4,,,344,2.38,75.4,4.206,,,5600,6.645967301633680,,
136,16,1197,2.8,89.4,199.5,5.38,89,194.5,,4.91,82.5,,3.5,81.5,,,400,2.4700000000000000,77.95000000000000,3.604,,,5600,4.333750100701420,30.1,
137,17,1197,1.8,91.7,199.5,4.99,89.5,257.5,,5.2,82.6,,4.27,81.7,,,448,2.225,74.35,4.467,,,7000,3.090895950275840,30.5,
138,18,1197,1.88,83.9,199.5,5.85,87.5,229.5,,4.47,80.9,,3.91,80.6,,,428,2.08,74.30000000000000,5.275,,,5600,4.034360931915360,31.4,
139,19,1197,,,199.5,,,230.5,,,,,,,,,430,,,5.272,,,4200,,27.4,
140,20,1197,,,199.5,,,199.5,,,,,,,,,392,,,5.001,,,4200,,31.5,
141,21,1197,0.12,50,199.5,2.95,87.2,198.5,,2.57,80.9,,3.83,81.3,,,395,2.3900000000000000,70.65,5.034,,,2800,8.112810431189870,32.5,
142,22,1197,0.13,66.7,199.5,2.09,85.7,192.5,,4.68,79.4,,3.59,78.4,,,343,2.315,71.4,4.946,,,8400,4.59397233590782,33.3,
143,23,1197,0.16,66.7,199.5,2.69,86.2,180.5,,6.9,79.5,,4.38,79.1,,,330,2.29,72.65,3.925,,,7000,3.3230636937808500,33.3,
144,24,1197,0.43,75,199.5,4.43,86.4,188.5,,5.7,78,,2.67,70.7,,,394,2.1800000000000000,73.6,3.982,,,7000,3.8519332471677200,32.2,
145,25,1197,0.16,75,199.5,3.61,84.6,182.5,,4.5,80.3,,3.11,78.4,,,393,2.5300000000000000,75.2,3.993,64,,7000,5.03952472136299,31.8,
146,26,1197,,,199.5,,,187.5,,,,,,,,,378,,,3.993,,,2800,,32.1,
147,27,1197,,,170,,,167,,,,,,,,,333,,,3.91,,,2800,,32.6,
148,28,1197,,,160,3.9,80.8,143,,,,,3.71,77.6,,,298,2.3,71.4,3.392,,,4200,,30,
149,29,1197,0.71,85.7,199.5,,,221.5,,2.53,76.7,,3.13,77.8,,,421,2.04,72.55000000000000,3.065,,,5600,7.38534369046718,27.6,
150,30,1197,0.94,88.5,199.5,3.72,81.3,239.5,,3.22,77.6,,,,,,511,2.146666666666670,75.26666666666670,3.4,,,7000,5.36665371363653,35.7,
151,31,1197,0.15,66.6,199.5,1.39,85.7,177.5,,3.61,77.5,,,,,,377,,,3.038,,,5600,6.4589125315740400,,
152,1,1197,1.71,85.7,199.5,1.75,82.5,152.5,,3.88,76.2,,,,,,349,1.96,72.1,2.815,,,7000,6.867218748239540,31.6,
153,2,1197,,,199.5,,,206.5,,,,,,,,,403,,,2.377,,,4200,,31.2,
154,3,1197,,,199.5,,,273.5,,,,,,,,,474,,,3.47,,,2800,,32.7,
155,4,1197,2.07,88.6,199.5,3.59,85.7,346.5,,4.17,77.7,,3.27,77.4,,,535,1.9650000000000000,73.65,3.858,,,2800,2.812180270213840,30.8,
156,5,1197,1,87,199.5,3.69,85.3,401.5,,3.86,77.7,,3.57,78.8,,,583,2.06,73.9,3.694,,,5600,2.6218605961667900,31.4,
157,6,1197,1.8,87.8,199.5,4.71,85.8,321.5,,4.68,78.6,,3.21,77.2,,,503,,,3.716,,,7000,2.7005711298090800,30.7,
158,7,1197,1,86.4,133,2.89,83.3,242,,4.11,76.9,,4.1,76.2,,,331,,,3.855,,,5600,4.0853123135804000,31.8,
159,8,1197,1.99,86.8,133,4.35,85.1,292,,5.27,77.3,,3.08,76.1,,,479,,,3.29,,,4200,2.6405170994602000,36.1,
160,9,1197,,,66.5,,,212.5,,,,,,,,,236,,,3.039,,,1400,,31.2,
161,10,1197,,,133,,,258,,,,,,,,,406,,,2.275,,,4200,,32.4,
162,11,1197,0.04,100,66.5,4.19,87.8,197.5,,4.13,79.4,,,,,,280,2.12,76.1,2.505,65,,4200,4.9815592403020000,33.9,
163,12,1197,0.75,76.9,133,5.22,86.9,91,,3.64,80.5,,,,,,343,2.04,70,2.434,,,5600,12.267036992311700,31.3,
164,13,1197,1.92,84.8,133,4.35,86.1,178,,4.58,81,,,,,,313,,,1.956,,,7000,4.984217326595030,,
165,14,1197,0.15,66.7,133,2.62,83.8,202,,4.66,80.3,,3.99,80,,,330,1.89,68,2.687,,,9800,4.316633380076210,,
166,15,1197,1.8,86.7,199.5,3.33,85.5,106.5,,5.15,79.2,,1.85,78.3,,,306,,,2.748,,,7000,7.408420316939390,,
167,16,1197,,,199.5,,,150.5,,,,,,,,,350,,,2.458,,,1400,,30,
168,17,1197,,,199.5,,,264.5,,,,,,,,,431,,,2.636,,,4200,,29.2,
169,18,1197,0.14,50,199.5,2.55,85.7,221.5,,4.74,80.2,,5.66,78.9,,,451,1.69,71.4,2.976,,,2800,3.8701729989554700,29.4,
170,19,1197,1.7,97.1,199.5,4.64,87.2,268.5,,6.79,86.9,,3.05,78.8,,,461,2.3500000000000000,74.30000000000000,2.523,,,7000,2.2287860795031200,30.3,
171,20,1197,0.26,66.7,199.5,5.62,86.5,348.5,,3.59,80,,3.12,78.7,,,530,1.92,75,3.049,,,4200,3.247769656133400,29.9,
172,21,1197,0.2,100,199.5,5.59,86.5,322.5,,3.77,80.3,,3.01,79.1,,,534,,,3.261,,,4200,3.342037985181530,31.3,
173,22,1197,0.08,100,199.5,6.02,87.4,279.5,,3.09,81.8,,,,,,485,,,3.237,65,,5600,4.704810755838080,32.7,
174,23,1197,,,199.5,,,293.5,,,,,,,,,475,,,3.514,,,2800,,29.9,
175,24,1197,,,199.5,,,296.5,,,,,,,,,508,,,3.419,,,4200,,30,
176,25,1197,3.05,82.4,199.5,2.69,83.8,301.5,,,,,,,,,455,,,3.08,,,4200,,,
177,26,1197,0.85,86.7,199.5,1.04,45.5,259.5,,,,,,,,,492,2.1,77.4,3.639,,,5600,,34,
178,27,1197,0.86,85.7,199.5,1.3,87.5,286.5,,,,,,,,,471,1.96,74.15,3.267,,,5600,,,
179,28,1197,2.19,84.1,199.5,2.84,81.8,220.5,,,,,,,,,433,2.68,76.5,3.183,,,5600,,,
180,29,1197,2.84,83.8,133,3.06,85,332,,,,,,,,,460,1.545,74.1,2.92,,,7000,,,
181,30,1197,,,199.5,,,381.5,,,,,,,,,584,,,2.359,,,5600,,33.9,
182,1,1197,,,199.5,,,351.5,,,,,,,,,548,,,3.161,,,7000,,31.7,
183,2,1197,,,199.5,,,308.5,,,,,,,,,509,,,2.71,,,7000,,30.9,
184,3,1197,0.57,77.8,199.5,1.08,82.1,313.5,,3.76,80.6,,,,,,520,1.69,70.6,2.473,,,5600,3.1443649368007300,31.5,
185,4,1197,2.62,87.8,199.5,3.6,85.2,343.5,,6,81.7,,,,,,546,2.15,73.3,2.72,,,4200,1.7983753580316500,32,
186,5,1197,2.42,83.7,199.5,3.2,83.6,305.5,,3.26,79.8,,,,,,304,1.85,87.70000000000000,3.341,,,4200,3.7215985188750500,30.4,
187,6,1197,2.56,83.8,199.5,4.53,87.9,300.5,,3.1,81,,,,,,485,1.97,73.85,4.486,,,4200,3.978800507652010,30.8,
188,7,1197,,,199.5,,,299.5,,,,,,,,,492,,,4.057,,,1400,,33.1,
189,8,1197,,,199.5,,,332.5,,,,,,,,,537,,,3.59,,,,,33.5,
190,9,1197,2.46,87.5,199.5,3..7,86.5,275.5,,4.7,81.6,,4.93,79.5,,,463,2.28,77.8,3.607,,,7000,2.862456356259970,31.1,
191,10,1197,0.88,92.6,199.5,5.74,86.8,288.5,,4.45,81.8,,4.25,82.7,,,494,1.76,75,3.246,,,7000,2.887038040934880,32.2,
192,11,1197,0.62,92.3,199.5,3.56,89,242.5,,1.78,74.4,,4.99,79.9,,,444,2.0950000000000000,73.2,4.183,,,5600,8.586705925873340,32.3,
193,12,1197,2.05,82.8,199.5,3.24,86,236.5,,1.41,89.7,,3.94,81.3,,,434,1.8200000000000000,74,4.538,,,5600,11.114964427760700,30.5,
194,13,1197,0.71,83.3,199.5,2.78,85,275.5,,4.77,80.2,,5.5,80.3,,,475,1.875,73.65,3.704,65,,7000,2.8204496592079400,31.3,
195,14,1197,,,199.5,,,255.5,,,,,,,,,456,,,3.29,,,4200,,29.7,
196,15,1197,,,199.5,,,280.5,,,,,,,,,480,,,3.121,,,5600,,30.2,
197,16,1197,0.12,66.6,199.5,2.48,87.5,230.5,,4.04,80.8,,6.03,80.9,,,430,1.9550000000000000,74.25,3.263,,,4200,3.98021049043537,31.2,
198,17,1197,0.39,83,199.5,2.41,85.4,199.5,,4.42,80,,5.77,80.4,,,400,1.81,75.05000000000000,3.232,,,7000,4.203326883842210,32,
199,18,1197,0.2,80,199.5,3.29,84.9,203.5,,3.67,80.5,,4.26,78.5,,,403,1.75,70.6,3.084,,,8400,4.962812381288250,31.4,
200,19,1197,0.16,66.7,199.5,2.41,81,256.5,,4.2,81,,3.86,81.9,,,449,1.74,75,2.959,,,7000,3.4405008938115900,30.9,
201,20,1197,0.18,33.3,199.5,3.36,81.4,282.5,,2.91,80.9,,3.54,78.8,,,506,2.21,71.8,3.729,,,7000,4.50865384898364,30.6,
202,21,1197,,,199.5,,,259.5,,,,,,,,,448,,,3.91,,,4200,,32.4,
203,22,1197,,,199.5,,,299.5,,,,,,,,,487,,,3.988,,,4200,,32.1,
204,23,1197,0.11,66.7,199.5,2.99,87.9,266.5,,1.97,94.1,,3.73,82.1,,,475,2.03,75.8,3.68,,,4200,7.059840597524260,29.3,
205,24,1197,,,199.5,,,93.5,,,,,,,,,291,,,4.438,,,4200,,31.4,
206,25,1197,0.46,90,199.5,0.57,89.5,292.5,,3.67,79.2,,,,,,482,,,2.617,,,5600,3.4527600669817400,34.3,
207,26,1197,3.07,84.3,199.5,3.52,84.5,252.5,,1.51,81.3,,,,,,452,1.82,72.9,3.362,,,5600,9.72120284021566,30,
208,27,1197,1.16,88,199.5,1.39,84,271.5,,1.79,82.4,,,,,,472,1.7,72.1,3.478,65,,7000,7.626679039277400,28.6,
209,28,1197,,,199.5,,,471.5,,,,,,,,,675,,,3.733,,,4200,,26.1,
210,29,1197,,,199.5,,,264.5,,,,,,,,,568,,,3.825,,,4200,,28.9,
211,30,1197,2.76,86.4,199.5,4.37,85.9,197.5,,4.77,80.3,,,,,,396,,,3.877,,,2800,3.934348765122970,32.1,
212,31,,1.82,93.1,,4.11,89.4,182.5,,4.2,81.9,,,,,,388,,,4.055,,,8400,4.835553311028340,32.4,
213,1,1197,0.8,91.3,199.5,4.55,86.4,274.5,,5.05,81,,4.47,80,,,464,,,4.346,,,8400,3.0344652656698800,33.7,
214,2,1197,0.13,66.7,199.5,4.51,82.9,322.5,,4.71,79.3,,3.81,78.5,,,520,1.56,70.7,3.566,,,7000,2.769269812145180,28.6,
215,3,1197,3.56,85.6,199.5,3.73,83.8,383.5,,3.97,79.5,,4.15,80.5,,,561,,,3.627,,,8400,2.762867275691040,32.4,
216,4,1197,,,199.5,,,301.5,,,,,,,,,538,,,3.626,,,2800,,32.5,
217,5,1197,,,199.5,,,309.5,,,,,,,,,328,,,3.645,,,4200,,33.1,
218,6,1197,0.02,83.3,199.5,3.97,86.5,324.5,,1.68,77.7,,3.99,76.4,,,533,1.63,74.2,3.521,,,4200,7.715994594070050,32.4,
219,7,1197,0.12,66.7,199.5,3.53,88.1,301.5,,5.52,80.8,,5.85,80,,,495,1.685,73,3.298,,,5600,2.5274903339000800,35.5,
220,8,1197,1.35,91.3,199.5,2.04,84.2,242.5,,1.85,81,,,,,,443,1.73,75,3.254,,,22400,9.376320117923040,31,
221,9,1197,0.32,83.3,199.5,2.5,88.9,186.5,,3.84,81.4,,,,,,396,1.42,75,3.391,,,5600,5.873619879500710,31,
222,10,1197,0.34,90,199.5,4.54,87.7,186.5,,3.44,82.2,,,,,,382,,,3.328,65,,5600,6.556598935256600,31.5,
223,11,1197,,,199.5,,,233.5,,,,,,,,,432,,,3.066,,,4200,,29.9,
224,12,1197,,,199.5,,,260.5,,,,,,,,,440,,,3.288,,,5600,,29.2,
225,13,1197,0.28,60,199.5,4.9,85.6,271.5,,3.02,81.5,,,,,,493,1.73,69.6,3.548,,,2800,5.13025698889323,31.4,
226,14,1197,0.26,83.8,199.5,5.04,86.1,220.5,,4.66,81,,,,,,414,1.7,76.9,3.834,,,5600,4.093750657307550,32.4,
227,15,1197,0.19,66.7,199.5,2.75,88.9,259.5,,6.81,81.7,,4.09,79.3,,,453,1.7,75,3.896,,,7000,2.380298502940100,32,
228,16,1197,0.28,80,199.5,5.9,88.6,298.5,,5.57,80.6,,5.37,79.7,,,497,1.9900000000000000,73.6,3.946,,,7000,2.529975799345760,32.3,
229,17,1197,0.15,33.3,199.5,3.3,83.9,398.5,,5.68,81.8,,,,,,554,1.77,68,3.619,,,7000,1.8584001682821300,31.3,
230,18,1197,,,199.5,,,210.5,,,,,,,,,358,,,3.45,,,4200,,31.7,
231,19,1197,,,199.5,,,242.5,,,,,,,,,443,,,3.735,,,4200,,31.7,
232,20,1197,2.26,87,199.5,2.27,87.9,222.5,,,,,3.47,80.9,,,420,1.81,81.6,3.526,,,5600,,34,
233,21,1197,2.92,86.7,199.5,3.15,86.9,310.5,,4.72,82.5,,3.29,81.5,,,504,1.94,75.6,3.356,,,2800,2.870200887649240,29.5,
234,22,1197,1.83,89.7,199.5,3.62,87.9,256.5,,6.8,81.8,,,,,,460,1.795,78.05,4.179,,,7000,2.411679631294130,31.3,
235,23,1197,1.7,88.9,199.5,2.07,88.2,263.5,,5.19,81.6,,,,,,447,2.04,77.4,4.582,,,7000,3.0758696024709800,,
236,24,1197,0.33,80,199.5,0.43,88.9,240.5,,4.19,81.3,,,,,,449,1.77,77.4,4.194,66,,7000,4.174330142457020,,
237,25,1197,,,199.5,,,262.5,,,,,,,,,467,,,3.556,,,4200,,30.3,
238,26,1197,,,199.5,,,215.5,,,,,,,,,416,,,3.61,,,5600,,31.3,
239,27,924,4.67,89.6,325.5,6.47,90.9,295.5,,,,,,,,,615,2.18,75.6,3.15,,,4200,,30.8,
240,28,924,,,192.5,,,256.5,,,,,,,,,441,,,3.202,,,8400,,,
241,29,377.3,3.09,88,284.2,6.57,88.8,352.8,,5.4,81.4,,1.95,82.3,,,618,1.505,70.8,4.478,,,7000,2.207971998038560,33.5,
242,30,514.5,3,89.5,142.1,7.08,90.7,227.9,,3.7,83.1,,3.8,81.3,,,379,2.13,77.5,5.243,,,8400,4.988498526977490,33.3,
243,31,268,,,313.2,,,247.8,,,,,,,,,577,,,4.43,,,7000,,,
244,1,503.9,,,166,,,301,,,,,,,,,451,,,4.142,,,4200,,31.5,
245,2,397.1,,,310.7,,,251.3,,,,,,,,,577,,,3.831,,,4200,,,
246,3,547.4,3.63,88.7,244.2,4.34,89.7,260.8,,4.73,82.7,,4.16,81.1,,,486,1.8050000000000000,76,4.604,,,4200,3.0345183897759200,31.7,
247,4,295.89,0.72,85.7,289.24,2.87,87.5,221.76,,3.81,87,,4.91,81.6,,,536,1.81,75.5,3.761,,,7000,4.430475231000170,31.8,
248,5,464.66,0.36,85.7,177.38,4.17,87.8,211.62,,2.85,82.9,,5.9,81.4,,,397,1.84,74.95,3.804,,,5600,6.206645366211420,31.2,
249,6,392.14,0.57,91.7,328.3,4,87.6,234.7,,2.29,81.6,,4.92,81.3,,,563,1.765,74.2,4.024,,,8400,6.964820524079490,31.4,
250,7,408.03,1.21,87.5,143.36,4.87,88.7,212.64,,4.1,80.6,,6.83,81.7,,,452,1.89,74,4.03,64,,7000,4.2936800699835400,32.6,
251,8,410.13,,,332.99,,,241.01,,,,,,,,,573,,,4.215,,,5600,,32.1,
252,9,328.51,,,114.38,,,206.62,,,,,,,,,325,,,4.785,,,5600,,31.4,
253,10,376.25,0.15,66.7,279.16,2.36,87.2,232.84,,3.24,83.3,,4.44,80,,,513,1.415,75.4,5.081,,,4200,4.96199018312439,32.3,
254,11,405.44,0.31,75,166.04,6.34,87,223.96,,1.76,81.8,,,,,,500,1.7,73.85,6.296,,,7000,9.49675807909421,32.2,
255,12,248.85,0.48,83.3,226.24,7.34,89.8,273.76,,2.52,81.6,,,,,,472,1.74,75.8,3.685,,,7000,5.426102189690730,30.8,
256,13,455.14,0.56,75,181.16,5.53,89.6,184.84,,,,,,,,,325,1.75,75.65,3.773,,,7000,,31.3,
257,14,281.82,0.3,80,231.28,5.48,88.5,295.72,,4.41,79.7,,3.96,79.1,,,549,1.67,78.5,3.655,,,7000,2.87037880514335,29.9,
258,15,506.94,,,206.36,,,278.64,,2.34,82,,,,,,452,,,3.431,,,7000,5.741153817524760,31,
259,16,335.58,,,269.08,,,205.92,,,,,,,,,536,,,3.441,,,4200,,31.1,
260,17,514.15,,,148.4,,,210.6,,,,,3.51,80.2,,,317,1.43,74.1,3.334,,,5600,,30.7,
261,18,337.47,0.9,85,259,1.7,81.4,263,,2.37,81.4,,4.2,80.2,,,560,1.475,83,2.816,,,5600,6.005572401105920,31.4,
262,19,456.68,1.93,86.1,162.26,1.7,86.9,289.74,,3.47,80.6,,,,,,420,1.43,72.2,3.481,,,5600,3.7232360497838100,31.9,
263,20,265.65,3.88,84.6,259,3.97,85.3,235,,3.06,81.3,,,,,,513,1.78,74.25,3.756,,,5600,5.205581050387060,29.5,
264,21,631.4,0.73,83.3,192.5,0.92,85,357.5,,3.49,80,,,,,,470,1.595,74.05,3.304,65,,2800,3.000247126321620,31,
265,22,438.34,,,286.72,,,189.28,,,,,,,,,566,,,2.47,,,4200,,30.4,
266,23,611.1,,,318.5,,,284.5,,,,,,,,,543,,,3.425,,,4200,,30.7,
267,24,289.45,1.55,88.2,237.58,4.92,87.7,368.42,,2.99,82.6,,,,,,731,1.8,75.6,2.758,,,2800,3.3981622811007000,30.7,
268,25,661.22,1.41,84.6,182.42,1.7,86.4,348.58,,1.56,82,,,,,,656,1.48,77.35,2.213,,,5600,6.8838506212997,28.5,
269,26,420.91,2.19,84.4,385,4.51,86.3,440,,4.03,81.6,,,,,,785,1.625,74.95,3.187,,,5600,2.111060982028720,31.1,
270,27,717.22,1.23,85.7,203.84,2.42,77.1,263.16,,2.63,80,,,,,,381,1.41,76.4,3.559,,,7000,5.408575235834110,29.9,
271,28,634.06,1.81,80.6,402.64,3.45,84.5,353.36,,3.2,79.2,,4.2,79.8,,,973,1.37,71.75,3.64,,,8400,3.310481284431360,30.2,
272,29,592.27,,,202.58,,,271.42,,,,,,,,,406,,,3.152,,,2800,,31.2,
273,30,646.94,,,434.14,,,348.86,,,,,,,,,689,,,3.325,,,2800,,34.2,
274,1,667.59,,,187.46,,,317.54,,,,,,,,,471,,,4.205,,,4200,,,
275,2,392.07,,,329.56,,,380.44,,,,,,,,,753,,,3.976,,,7000,,31.6,
276,3,500.5,0.68,87.5,130.76,3.9,89.1,343.24,,1.92,81.9,,4.1,80.1,,,482,1.5875,75.675,2.902,,,8400,7.449958209748220,,
277,4,490.84,2.48,85.4,337.89,2.21,85.7,380.11,,4.25,79.4,,,,,,721,1.68,74.3,3.464,,,7000,3.0391681784714600,,
278,5,556.5,0.97,81.3,150,2.86,84.8,283,,3.21,78.3,,3.26,78.2,,,161,1.59,72,3.203,,,7000,5.404574286796820,,
279,6,373.52,,,295.05,,,331.95,,,,,,,,,597,,,3.55,,,8400,,30.9,
280,7,551.18,,,152.18,,,284.82,,,,,,,,,456,,,3.178,,,4200,,30.2,
281,8,492.87,0.11,66.6,373.17,1.96,85.7,284.83,,2.62,81.4,,,,,,648,1.35,77.2,2.768,,,5600,6.579091665706100,32.4,
282,9,603.68,1.09,88.8,188.72,1.67,87.5,244.28,,3.69,81.1,,2.41,79.16,,,393,1.47,75.4,3.297,,,7000,5.446765539561250,32.3,
283,10,392.98,0.27,83.3,313.18,3.83,85.7,243.82,,2.88,80.8,,4,79.7,,,581,1.59,77.1,3.3,,,7000,6.991834566248270,32.2,
284,11,534.66,0.1,50,186.2,1.76,84.6,291.8,,2.87,80,,3.54,80.8,,,476,1.55,76.1,3.303,,,8400,5.862539397844020,30.9,
285,12,410.62,,,330.82,,,391.18,,,,,3.33,79.6,,,718,,,3.028,66,,5600,,31.1,
286,13,653.8,,,220.22,,,546.78,,,,,,,,,772,,,3.048,,,5600,,32.2,
287,14,391.3,,,271.6,,,483.4,,,,,,,,,764,,,2.969,,,5600,,29.8,
288,15,534.38,1.05,84,167.3,1.67,84.8,309.7,,0.58,72.2,,1.98,81.1,,,450,1.58,77.8,3.029,,,4200,27.33277709994570,29.4,
289,16,340.41,0.85,85,277.9,1.03,88.9,402.1,,4.26,79.5,,,,,,660,1.24,74.1,3.193,,,8400,2.866218444337910,29.9,
290,17,663.39,0.34,83.3,310.94,0.31,87.5,270.06,,4.42,80.3,,,,,,492,1.61,79.3,2.93,,,4200,4.113110962231990,30,
291,18,482.09,0.73,78.6,385,1.22,86.2,333,,2.5,81,,,,,,718,1.52,74.1,2.99,,,8400,5.897510413639450,29.5,
292,19,623.77,0.81,84.6,234.08,0.89,88.2,486.92,,3.51,81,,,,,,692,1.32,75,2.35,,,5600,2.872686469117490,31,
293,20,447.02,,,322,,,332,,,,,,,,,668,,,3.147,,,4200,,29.1,
294,21,480.41,,,229.04,,,408.96,,,,,,,,,617,,,3.913,,,4200,,31.8,
295,22,516.18,1.27,87.5,369.88,3.26,87.8,430.12,,4.03,80.9,,,,,,828,,,3.585,,,5600,2.832424063176110,30.9,
296,23,622.86,,,226.52,,,308.48,,,,,,,,,557,,,3.815,,,4200,,30.8,
297,24,419.58,1.83,86.5,313.18,4.09,86.8,304.82,,3.39,81.9,,6.86,80.6,,,600,1.6100000000000000,76.75,3.929,,,5600,4.75127099464749,30.6,
298,25,683.97,1.48,84,227.78,5.47,81.2,242.22,,3.51,81.5,,2.39,81.3,,,468,1.57,78.6,3.931,,,7000,5.774785300729460,29.8,
299,26,436.66,1.77,85.3,316.96,5.16,86.9,274.04,,4.04,80.5,,3.78,78.9,,,589,1.35,71.30000000000000,3.23,67,,7000,4.434632491457880,30.4,
300,27,712.88,,,258.02,,,204.98,,,,,,,,,424,,,3.254,,,4200,,30.2,
301,28,453.32,,,300.37,,,330.63,,,,,,,,,673,,,3.795,,,4200,,30.6,
302,29,518.63,1,85.7,211.4,3.67,88.5,293.6,,3.23,81.8,,3.17,79.4,,,475,1.36,78.8,3.999,,,4200,5.1771933543614,29.3,
303,30,438.2,0.82,85,354.41,3.36,86.4,241.59,,3.68,80.7,,,,,,617,1.625,74.6,4.074,,,7000,5.52237871042167,,
304,31,602.07,0.84,85.7,217.7,3.21,86.7,190.3,,3.84,81,,4.68,79.8,,,419,1.57,75,3.759,,,7000,6.718664361308400,30.8,
305,1,386.26,1.7,88.9,259.91,3.69,86.2,256.09,,4.85,80.2,,4.83,79.7,,,516,1.7650000000000000,73.6,4.015,,,7000,3.8163129666479200,29.5,
306,2,528.22,0.44,78.6,206.36,4.17,86.8,236.64,,4.3,80.5,,5.79,79.8,,,450,1.225,74.7,3.519,,,5600,4.658238596160200,29,
307,3,430.85,,,252.63,,,295.37,,,,,,,,,549,,,3.375,,,4200,,29,
308,4,539.84,,,164.78,,,197.22,,,,,,,,,359,,,3.479,,,4200,,29.6,
309,5,355.46,0.13,66.7,294.28,3.42,88.2,242.72,,4.32,80.2,,5.52,79.8,,,300,1.56,71.4,3.674,,,2800,4.52052662418516,28.5,
310,6,708.05,0.3,83.3,225.26,1.92,85.3,269.74,,3.63,81.7,,5.94,80.1,,,472,1.505,77.55,3.645,,,7000,4.840902809990890,28.8,
311,7,361.34,0.27,85.7,260.26,2.55,86,273.74,,5.57,82,,3.99,80.8,,,547,1.84,75.7,3.87,,,7000,3.108743452455050,30.8,
312,8,531.16,0.36,71.4,201.32,2.57,85.5,265.68,,3.81,80,,4.7,79.4,,,448,1.3,75,3.785,,,5600,4.682680247624870,30.5,
313,9,469.98,0.33,83.3,363.58,3.77,84.1,285.42,,3.99,81.1,,4.07,79.8,,,674,1.545,73.1,3.745,,,7000,4.162181784079710,30.8,
314,10,586.25,,,239.12,,,279.88,,,,,,,,,443,,,4.217,,,4200,,32.1,
315,11,359.03,,,277.9,,,264.1,,,,,,,,,616,,,3.568,,,4200,,30.8,
316,12,655.27,0.62,84.6,289.52,1.09,82.6,249.48,,2.52,82.8,,5.27,80.8,,,460,1.6,75.35,4.446,66,,5600,7.539491666475790,30.1,
317,13,361.34,0.9,85,260.26,1.23,87.1,344.74,,2.4,80.9,,4.51,77.5,,,688,1.45,76.2,4.132,,,5600,5.72895515460927,31.2,
318,14,552.3,1.97,86.7,196,3.33,85.5,285,,2.79,82,,,,,,494,1.345,76.65,3.74,,,7000,5.961139407658930,31.2,
319,15,507.43,1.17,81.8,353.5,1.98,83.3,314.5,,5.73,80.5,,3.9,81.5,,,630,1.58,76,3.58,,,7000,2.630286584706050,30.2,
320,16,598.01,1.79,86.8,290.78,4.26,87.2,335.22,,3.39,80.6,,3.14,80.5,,,563,1.785,76.25,3.812,,,5600,4.1710819416967200,29.4,
321,17,242.97,,,236.32,,,256.68,,,,,,,,,467,,,3.914,,,4200,,31.2,
322,18,616.7,,,217.7,,,207.3,,,,,,,,,466,,,3.872,,,7000,,31.3,
323,19,433.86,1.51,84.6,319.48,5.87,90.1,324.52,,4.52,83.1,,,,,,540,1.8250000000000000,75,4.337,,,1400,3.2314574336610400,30.8,
324,20,541.17,2.7,85.7,188.72,3.08,87.7,258.28,,5.16,82.3,,,,,,537,,,3.893,,,2800,3.556623242848040,29.6,
325,21,421.33,1.78,90.3,281.68,5.02,87.4,238.32,,4.6,82.1,,4.18,82.3,,,630,1.61,75,3.39,,,7000,4.323744472174790,29.5,
326,22,581.14,1.93,88,187.46,3.89,87.8,172.54,,5.55,82.9,,4.11,82.3,,,350,1.75,77.3,3.612,,,7000,4.9498901938915800,29.6,
327,23,380.1,,,305.62,,,241.38,,,,,4.2,81.8,,,609,1.69,73.7,3.917,,,5600,,29.5,
328,24,510.44,,,191.24,,,261.76,,,,,,,,,448,,,3.662,,,2800,,29.9,
329,25,346.5,,,287.98,,,331.02,,,,,,,,,626,,,3.104,,,4200,,30.5,
330,26,519.47,1.6,84.8,196.28,4.23,88.1,240.72,,3.85,81.9,,4.1,82.3,,,441,1.65,75.6,3.926,67,,7000,5.1145265502194700,30.1,
331,27,536.41,1.43,89.3,178.64,1.79,86.9,250.36,,4.48,81.7,,5.01,82.2,,,439,1.7150000000000000,78.55,2.987,,,5600,4.22605733458106,32.4,
332,28,502.88,1.9,89.7,159.74,2.38,87.7,247.26,,3.58,82.8,,5.56,81.7,,,414,1.67,79.2,2.363,,,5600,5.354777749610590,31.5,
333,29,433.58,2.52,89.1,176.89,2.34,89.1,250.11,,4.7,83.7,,2.87,83.1,,,421,1.68,80.4,2.121,,,5600,4.032268355115240,30.3,
334,30,686.28,0.71,90.9,66.5,4.57,89.4,288.5,,4.41,87.9,,4.02,83.6,,,354,,,2.125,,,5600,3.7255803534585400,31.9,
335,1,504.07,,,167.58,,,292.42000000000000,,,,,,,,,471,,,2.046,,,4200,,30.7,
336,2,554.61,,,79.8,,,272.2,,,,,,,,,328,,,2.072,,,4200,,30.9,
337,3,333.83,2.63,87.5,146.3,2.58,88.1,122.70000000000000,,2.89,81.7,,3.86,82.3,,,272,1.57,81.6,1.887,,,4200,12.844896150561100,29.2,
338,4,497.42,0.28,85.7,66.5,3.8,88.1,195.5,,2.57,84.6,,,,,,246,1.53,80.8,1.624,,,7000,9.065528296550640,29,
339,5,571.9,0.1,100,133,2.46,87.9,240,,3.4,82.8,,3.56,83.1,,,381,,,1.507,,,7000,5.58191018342821,29,
340,6,823.2700000000000,0.1,100,133,3.69,86.4,257,,4.02,82.8,,2.8,84.4,,,390,1.58,79.2,1.96,,,4200,4.4087332884966400,29.1,
341,7,750.12,0.2,80,199.5,3.19,84.6,159.5,,2.66,85.1,,,,,,352,1.53,80,2.343,68,,5600,10.735707708952800,29.4,
342,8,679.63,,,199.5,,,179.5,,,,,,,,,395,,,2.584,,,2800,,29.9,
343,9,691.6,,,199.5,,,222.5,,,,,,,,,418,,,2.509,,,2800,,29.9,
344,10,751.45,0.46,90,199.5,0.61,84.6,324.5,,2.63,81.3,,3.73,60,,,530,1.39,72.7,2.685,,,4200,5.3370657515539200,30.7,
345,11,1197,1.31,87.5,199.5,1.3,87,376.5,,2.89,83.1,,,,,,575,2.22,77.4,3.334,,,4200,4.186105598071310,30,
346,12,1197,1.72,89.1,199.5,2.93,85.7,303.5,,3.08,82.3,,4.06,79.2,,,497,2.49,80.7,3.452,,,5600,4.872631752580740,30.8,
347,13,1197,0.51,90.9,199.5,1.06,87,267.5,,3.52,82.8,,,,,,467,1.9450000000000000,76.7,4.434,,,7000,4.837339326335410,29.9,
348,14,1197,1.13,88.9,199.5,1.24,85.7,215.5,,2.96,80.6,,,,,,415,1.78,76.9,3.515,,,7000,7.1405886838863400,29.4,
349,15,803.32,,,199.5,,,279.5,,,,,,,,,475,,,3.479,,,4200,,29.2,
350,16,1197,,,199.5,,,280.5,,,,,,,,,475,,,2.734,,,5600,,29.8,
351,17,695,1.66,86.7,199.5,4.3,87.8,249.5,,4.97,75.2,,,,,,460,1.91,65.4,3.774,,,4200,3.673212589910140,29.4,
352,18,794.01,1.62,86.7,199.5,3.06,87.5,296.5,,3.2,81.3,,,,,,499,1.9050000000000000,80.45,3.749,,,5600,4.800631017788170,31.2,
353,19,840.56,1.73,84.9,199.5,4.62,87.7,391.5,,3.3,82,,4.17,80.6,,,569,,,4.486,,,8400,3.525553395779570,31.1,
354,20,919.03,1.51,82.5,199.5,2.56,85.4,330.5,,4.65,78.4,,3.82,75.4,,,541,2.74,78.5,4.476,,,5600,2.9637979013078400,,
355,21,1008.14,1.92,84.6,199.5,2.9,86.7,403.5,,2.65,81.6,,,,,,601,1.905,74.85,3.81,67,,2800,4.259744882913580,,
356,22,1081.29,,,199.5,,,314.5,,,,,,,,,514,,,4.418,,,4200,,,
357,23,1177.05,,,199.5,,,275.5,,,,,,,,,478,,,3.831,,,2800,,,
358,24,1082.6,1.86,88.9,199.5,2.98,88.6,283.5,,3.33,82.7,,3.62,81.8,,,486,1.62,78,5.451,,,4200,4.824759902418210,29,
359,25,982.87,,,199.5,,,170.5,,,,,,,,,417,,,4.154,,,2800,,31.2,
360,26,746.13,,,199.5,,,269.5,,,,,,,,,531,,,4.57,,,5600,,28.8,
361,27,691.6,0.14,80,199.5,3.32,86.6,482.5,,5.09,82.7,,3.88,81.9,,,673,1.855,75.25,3.909,,,7000,1.8546326576248900,28.7,
362,28,775.39,1.35,87.2,199.5,3.58,88.8,227.5,,4.67,82.6,,4.2,81.7,,,421,1.88,76.9,4.241,,,7000,4.287209647436210,31.8,
363,29,811.3,,,133,,,216,,,,,,,,,356,,,2.999,,,7000,,,
364,30,823.27,,,159.6,,,114.4,,,,,,,,,291,,,2.345,,,5600,,29.1,
365,31,766.08,0.08,66.7,133,2.15,87.5,171,,3.68,83.2,,4.31,82.8,,,290,2.1,76.75,2.374,,,2800,7.238174913675020,28.7,
366,1,763.42,,,199.5,,,315.5,,,,,4.61,83.7,,,492,,,3.061,,,4200,,29.22,
367,2,674.3,0.07,66.7,199.5,2.97,90,241.5,,3.46,84,,7.19,83.1,,,459,1.75,75.3,3.178,,,7000,5.833235855368180,29.83,
368,3,990.85,0.11,75,199.5,1.96,88.2,382.5,,3.99,84.1,,4.95,80.5,,,599,1.85,76.25,3.034,,,8400,3.193731746613000,28.79,
369,4,629.09,0.07,,199.5,2.89,89,388.5,,4.74,83.8,,4.6,82.2,,,565,1.7800000000000000,76.85,2.979,,,7000,2.646874839606570,28.61,
370,5,1017.45,,,199.5,,,217.5,,,,,,,,,428,,,3.23,,,7000,,30,
371,6,905.73,,,199.5,,,198.5,,,,,,,,,388,,,3.75,,,7000,,30.91,
372,7,780.71,0.54,85,199.5,0.57,79.3,284.5,,3.11,84.3,,4.09,84.3,,,475,1.71,76.4,3.102,,,4200,5.508839390352680,30.09,
373,8,748,0.91,87.2,199.5,0.91,86.5,299.5,,2.71,84.6,,4.47,84.2,,,501,1.81,77.25,3.822,,,7000,6.005326895856070,28.72,
374,9,590.52,2.65,88.1,199.5,3.77,88.8,271.5,,2.82,83.8,,4.24,84.7,,,479,2.03,77.7,4.018,,,5600,6.366252038696370,28.82,
375,10,662.34,1.54,88.4,199.5,1.47,88.4,307.5,,2.57,84.5,,4.43,84.5,,,499,1.845,77.15,3.883,,,5600,6.167718260589160,30.05,
376,11,728.84,1.38,87.1,199.5,1.36,87.7,545.5,,3.07,84.3,,3.98,84.6,,,759,2.06,80.85,3.47,,,2800,2.910513647872340,29.9,
377,12,678.3,,,199.5,,,333.5,,5.03,84.9,,3.96,84.6,,,528,,,3.608,,,4200,2.9056208764725600,31.68,
378,13,743.5,,,66.5,,,262.5,,,,,,,,,332,,,3.766,,,5600,,32.63,
379,14,933.6,2.74,88.2,133,3.68,89.1,270,,,,,,,,,416,2.01,77.5,3.815,,,2800,,32.38,
380,15,919,2.48,88.8,133,3.39,90,283,,4.34,85.5,,3.9,85.2,,,394,2.296666666666670,80.16666666666670,2.048,69,,4200,3.968502017869030,32.18,
381,16,892.4,2.34,89,66.5,2.79,88.6,261.5,,5.1,85.6,,3.97,84.2,,,339,2.36,79.5,2.7,,,4200,3.6547771517167900,32.35,
382,17,784.7,1.85,86.2,66.5,4.8,89.1,216.5,,6.45,85,,4.33,85.2,,,292,1.915,77.70000000000000,3.313,,,2800,3.4904800103028100,31.42,
383,18,788.6,2.39,88.7,133,3.33,88.2,254,,5.36,84.5,,4.46,84.9,,,396,2.04,77.8,3.63,,,4200,3.580175070797900,32.07,
384,19,833.9,,,133,,,261,,,,,,,,,386,,,3.417,,,5600,,,
385,20,924.3,,,66.5,,,278.5,,,,,,,,,348,,,3.1,,,2800,,31.92,
386,21,687.61,1.96,91.4,66.5,4.9,92.8,216.5,,3.49,86.9,,4.77,86,,,287,2.185,79.35,4.143,,,2800,6.450887125058200,31.18,
387,22,925.68,2.05,90.4,159.6,5.43,89.1,210.4,,2.83,86,,5.32,85.4,,,376,2.1550000000000000,79.05,3.77,68,,2800,8.18597849693516,31.73,
388,23,844.55,1.84,90.2,133,3.38,88.2,250,,3.64,86.2,,,,,,374,2.07,78.7,3.514,,,4200,5.356256646579230,30.47,
389,24,998.83,2.14,89.7,133,5.15,92.5,190,,2.82,85.2,,1.96,84.5,,,324,2.12,77.1,3.253,,,4200,9.09703909740033,31.8,
390,25,824.6,2.29,87.9,66.5,2.74,87.7,252.5,,5.04,83.7,,4.59,84.8,,,315,,,3.604,,,4200,3.8301065129554400,30.41,
391,26,981.54,,,133,,,294,,,,,,,,,430,,,3.873,,,5600,,31.02,
392,27,904.4,,,159.6,,,205.4,,,,,,,,,361,,,3.408,,,2800,,31.03,
393,28,811.3,0.39,80,66.5,2.8,89.3,245.5,,4.49,84.2,,4.56,85.1,,,324,2.08,76.7,2.926,,,2800,4.421859437253270,30.83,
394,29,839.23,0.25,83.3,66.5,2.43,88.7,266.5,,3.15,85.5,,4.58,84.8,,,324,2.05,78.3,3.4,,,5600,5.806240267294560,30.84,
395,30,715.54,0.56,87,133,3.98,88.7,226,,,,,3.99,86,,,349,1.9900000000000000,80.70000000000000,3.27,,,5600,,30.24,
396,31,966.91,0.17,75,159.6,3.34,88,316.4,,3.57,85.1,,4.13,84.4,,,464,2,77.6,3.911,,,4200,4.315171686716370,31.77,
397,1,706.23,0.52,82.6,93.1,3.92,88.2,217.9,,5.97,83.1,,4.59,84.8,,,318,2.17,78.05000000000000,4.114,,,2800,4.8298834829841600,29.15,
398,2,1014.79,,,66.5,,,308.5,,,,,,,,,386,,,4.028,,,5600,,29.95,
399,3,856.52,,,133,,,250,,,,,,,,,383,,,3.94,,,2800,,29.79,
400,4,956.27,0.31,86.7,159.6,1.59,88.6,206.4,,4.7,84.1,,3.94,84.9,,,364,2.15,78.7,3.889,,,5600,4.03625342425832,29.92,
401,5,1006.8,1.82,90.3,133,1.48,87,180,,2.61,84.5,,,,,,321,2.865,79.4,4.289,,,7000,4.219602108277730,30.81,
402,6,915.04,1.69,87.7,93.1,1.89,88.9,238.9,,4.73,83.7,,4.13,84.1,,,324,2.065,78.75,3.64,,,7000,4.746135711724170,29.39,
403,7,706.23,1.64,85.2,159.6,1.68,86.2,241.4,,4.74,84,,,,,,406,2.15,76.1,2.878,,,5600,2.6525036378560700,30.45,
404,8,917.7,1.46,83.6,133,1.52,85.7,187,,2.68,84.1,,,,,,318,2.06,75.8,2.791,66,,4200,1.6519275370356800,29.53,
405,9,841.89,,,133,,,260,,,,,,,,,385,,,2.701,,,2800,,29.87,
406,10,408.31,,,66.5,,,265.5,,,,,,,,,340,,,2.984,,,,,,
407,11,1037.4,,,93.1,,,274.9,,5.24,87,,,,,,385,,,3.178,,,2800,,32.56,
408,12,892.43,,,133,,,229,,4.77,83.5,,,,,,334,,,2.286,,,2800,,30.83,
409,13,899.08,,,66.5,,,275.5,,3.69,83.2,,,,,,325,,,2.884,,,2800,,31.77,
410,14,804.65,1.58,87.1,66.5,3.74,89.6,237.5,,6.54,84.7,,,,,,338,2.15,77.3,2.393,,,5600,3.4711779448621600,28.86,
411,15,734.16,1.88,87.3,133,3.45,88.4,208,,4.11,85.1,,4.04,83.3,,,378,2.18,76.9,2.523,,,4200,4.227716727716730,29.49,
412,16,786.03,,,133,,,272,,,,,,,,,375,,,3.04,,,4200,,32.15,
413,17,811.3,,,66.5,,,246.5,,,,,,,,,360,,,2.863,,,4200,,31.83,
414,18,796.67,1.46,88,66.5,4.15,83.5,306.5,,,,,4.41,83.9,,,345,2.6833333333333300,79.8,4.111,,,4200,9.092072828488060,29.29,
415,19,602.49,1.35,88.6,281,1.22,87.2,274,,,,,4.6,83.1,,,569,2.455,77.3,4.482,,,4200,3.5484342053685100,28.21,
416,20,844.55,1.49,96.6,202,3.73,88.5,277,,1.9,85.3,,3.73,84,,,483,2.465,77.35,4.162,,,2800,3.6075036075036100,,
417,21,691.6,1.48,88.4,66.5,2.19,87.6,223.5,,2.28,82.7,,3.7,83.9,,,286,2.505,78,5.065,,,4200,136.19490129557200,31.95,
418,22,805.98,1.4,86.8,66.5,1.75,87.1,448.5,,3.07,82.6,,,,,,516,2.44,77.4,4.968,67,,4200,5.804645392746080,32.32,
419,23,657.02,,,133,,,234,,,,,,,,,361,,,5.014,,,1400,,,
420,24,791.35,,,159.6,,,189.4,,,,,,,,,354,,,4.652,,,2800,,31.28,
421,25,880.46,0.64,84.6,66.5,3.96,88.8,250.5,,2.17,83.5,,,,,,316,2.5650000000000000,76.4,4.444,,,2800,3.5182577892258700,,
422,26,775.39,0.28,78.6,66.5,4.85,90,213.5,,4.16,82.1,,5.25,83.5,,,265,2.275,76.2,5.08,,,2800,5.5659540437058000,32.2,
423,27,732.83,0.25,75,133,5.66,89.1,178,,1.91,81.8,,5.26,83.7,,,312,2.31,78.25,4.132,,,7000,3.7552600754847900,32.15,
424,28,923.02,0.2,70,133,5.23,88.5,201,,4.24,82.2,,4.66,85.1,,,342,2.17,75.55000000000000,3.294,,,7000,4.233823203490990,30.15,
425,1,788.69,0.58,85.2,66.5,4.53,87.8,236.5,,5.97,83.1,,4.08,82,,,311,2.03,75.9,4.084,,,2800,4.596626543570570,,
426,2,869.82,,,66.5,,,227.5,,,,,,,,,300,,,4.488,,,7000,,30.93,
427,3,782.04,,,133,,,217,,,,,,,,,350,,,4.713,,,2800,,30.96,
428,4,925.68,0.78,87.9,66.5,1.33,88.1,213.5,,4.7,84.1,,4.7,82.9,,,280,2.83,78.4,4.301,,,5600,6.4676864816383500,31.17,
429,5,671.65,1.61,86.8,66.5,1.86,86.9,147.5,,2.61,84.5,,4.87,83.4,,,203,2.435,77.7,3.887,,,5600,16.858237547892700,31.16,
430,6,863.17,2.03,88.6,133,4.57,87.4,189,,4.73,83.7,,3.39,83.2,,,323,2.4050000000000000,77.6,4.878,,,8400,7.259751445797960,30.84,
431,7,1005.48,2.74,85.7,133,2.9,86.1,138,,4.74,84,,4.01,82,,,278,2.455,77.05,4.549,,,7000,9.921726900262950,30.85,
432,8,711.55,1.52,86.5,66.5,1.47,86.8,271.5,,2.68,84.1,,4.98,83.6,,,307,2.395,77.75,3.692,,,7000,8.919490943074680,30.32,
433,9,792.68,,,66.5,,,192.5,,,,,,,,,277,,,4.067,,,5600,,31.55,
434,10,847.21,,,133,,,157,,,,,,,,,301,,,3.596,,,5600,,31.77,
435,11,759.43,2.35,88.3,133,3.55,88.5,143,,5.24,87,,4.13,83.4,,,269,2.32,78.3,3.182,,,4200,8.661186142102170,32.44,
436,12,816.62,1.47,88.7,133,4.82,90.6,150,,4.77,83.5,,3.39,83.5,,,285,2.45,77.9,3.436,,,8400,9.070580013976240,32.78,
437,13,690.27,2.23,89.8,199.5,5.43,89,158.5,,3.69,83.2,,4.52,83.6,,,366,2.3900000000000000,77.35,5.425,,,5600,11.096577842750000,32.51,
438,14,816.62,2.03,87.1,199.5,5.61,90.3,169.5,,6.54,84.7,,4.38,83.5,,,390,2.215,78.05,5.732,,,8400,5.8546002363490400,32.25,
439,15,1090.6,2.47,86.4,199.5,5.89,88.6,187.5,,4.11,85.1,,3.55,84.6,,,369,2.32,78.2,4.59,69,,5600,8.421735604217360,31.08,
440,16,824.6,,,199.5,,,132.5,,,,,,,,,347,,,3.654,,,2800,,30.18,
441,17,767.4,,,192,,,0,,,,,,,,,187,,,2.958,,,4200,,30.65,
442,18,702.24,1.44,89,179.5,2.42,88.7,9.5,,,,,,,,,186,2.6950000000000000,80.4,2.552,,,5600,,30.16,
443,19,913.71,1.65,88,199.5,2.61,88.4,145.5,,,,,6.76,83.4,,,347,2.1950000000000000,76.30000000000000,2.924,,,4200,,30.39,
444,20,997.5,1.62,86.7,199.5,3.75,88.6,339.5,,1.9,85.3,,2.8,82.9,,,540,1.9433333333333300,75.86666666666670,3.01,,,5600,10.061235563134600,30.34,
445,21,840.56,1.99,87.4,199.5,3.23,88.7,190.5,,2.28,82.7,,4.32,83.6,,,400,2.06,77.2,3.101,,,5600,14.942211170972100,30.24,
446,22,933.66,1.57,86.2,199.5,3.68,88.2,198.5,,3.07,82.6,,4.47,81.3,,,394,2.09,76.6,3.178,68,,,10.649906874851300,,
447,23,883.12,,,199.5,,,101.5,,,,,,,,,288,,,5.044,,,,,,
448,24,937.65,,,199.5,,,308.5,,,,,,,,,517,,,3.09,,,,,,
449,25,908.39,0.09,100,199.5,2.45,89.1,205.5,,2.17,83.5,,4.12,80.8,,,410,1.79,77.2,2.858,,,4200,14.55369056028350,31.67,
450,26,811.3,0.07,66.7,199.5,2.18,88.4,154.5,,4.16,82.1,,3.22,81.4,,,355,1.86,75.8,3.407,,,5600,10.097709733632100,29.34,
451,27,562.59,1.2,86.5,199.5,1.36,86.8,249.5,,1.91,81.8,,4.63,82.5,,,435,1.88,75.2,3.141,,,5600,13.61886075816560,31.76,
452,28,782.04,0.1,80,199.5,1.41,87.9,355.5,,4.24,82.2,,3.26,81.5,,,548,2.81,76.3,3.609,,,5600,4.305655069925430,29.46,
453,29,759.43,,,199.5,,,313.5,,,,,,,,,508,,,3.575,,,5600,,31.16,
454,30,869.82,,,199.5,,,282.5,,,,,,,,,483,,,3.52,,,2800,,31.34,
455,31,864.5,,,199.5,,,229.5,,,,,,,,,444,,,3.803,,,4200,,31.6,
456,1,724.85,,,199.5,,,305.5,,,,,,,,,537,,,3.532,,,2800,,28.7,
457,2,961.59,1.33,86.8,199.5,1.59,86.3,330.5,,6.13,83.7,,3.72,80.9,,,481,2.13,77.4,3.8,,,4200,2.344561727374360,31.2,
458,3,799.33,2.19,87.9,199.5,2.03,87.5,360.5,,1.09,83.3,,,,,,477,2.035,77.7,4.499,,,5600,12.088205728537100,31.2,
459,4,992.18,,,66.5,,,342.5,,,,,,,,,371,,,3.64,,,4200,,30.2,
460,5,730.17,1.64,88.8,66.5,1.72,87.9,407.5,,2.48,82.6,,2.74,82.2,,,393,1.785,78.25,3.125,,,4200,4.700178112012670,30.2,
461,6,876.47,,,159.6,,,370.4,,,,,,,,,457,,,2.622,,,4200,,30.6,
462,7,586.53,,,133,,,320,,,,,,,,,390,,,2.27,,,3220.0000000000000,,30.4,
463,8,937.65,2.98,88.1,133,6.27,89.1,310,,4.46,82.8,,,,,,469,1.92,74.9,2.377,,,5180,3.435556198466660,31.1,
464,9,602.49,2.22,86.5,66.5,5.39,88.8,359.5,,4.64,82.2,,3.43,82.6,,,408,2.035,73.95,2.438,,,5600,2.8475852477099400,30.1,
465,10,730.17,0.75,87.8,66.5,3.85,88.1,354.5,,,,,,,,,432,1.975,75.6,3.26,,,5600,,30.4,
466,11,646.38,1.27,87.9,133,4.55,87.1,329,,3.96,83.3,,3.54,83.2,,,454,2.09,75.45,3.01,,,5740.000000000000,3.645881305455770,29.4,
467,12,496.09,0.75,85.4,66.5,4.44,85.6,336.5,,5.2,82.9,,3.26,82.5,,,405,2.135,78.1,3.998,67,,4340,2.714595953823290,30.1,
468,13,766.08,,,133,,,319,,,,,,,,,450,,,3.285,,,2800,,30.4,
469,14,775.39,,,66.5,,,343.5,,,,,,,,,411,,,3.24,,,2800,,30.7,
470,15,828.59,1.06,84.6,133,3.45,86.3,385,,4.72,82.9,,3.03,83.3,,,511,2.3,78.65,3.444,,,4200,2.6139115122166000,28.5,
471,16,958.93,1.46,85.2,93.1,3.93,87.1,303.9,,5.23,83.2,,2.95,82.1,,,408,2.255,77.30000000000000,3.304,,,5600,2.988554778950760,31.4,
472,17,582.54,0.74,87,172.9,4.52,88.3,338.1,,2.7,83.4,,,,,,480,2.4050000000000000,80.35,2.882,,,5600,5.203369592603550,31.4,
473,18,808.64,3.29,86.4,106.4,3.98,87.1,248.6,,4.07,83.9,,3.38,81.8,,,353,2.3900000000000000,79.65,2.963,,,5600,4.694594396927460,,
474,19,731.5,1.9,,172.9,4.06,,306.1,,3.59,,,4.27,,,,476,2.21,,2.884,,,5600,4.322508255990770,30,
475,20,1008.14,,,93.1,,,219.9,,,,,,,,,323,,,3.087,,,5600,,30.1,
476,21,751.45,,,106.4,,,286.6,,,,,,,,,390,,,3.553,,,4200,,30.6,
477,22,772.73,0.17,,66.5,2.97,,283.5,,4.19,,,4.18,,,,346,2.255,,3.211,,,5600,3.9987709041010600,29.3,
478,23,763.42,0.1,,133,2.72,,212,,4.17,,,4.15,,,,356,2.45,,2.675,,,5600,5.373060042532010,30.4,
479,24,868.49,0.25,,66.5,3.63,,321.5,,5.85,,,4.09,,,,394,2.43,,2.81,,,4760,2.5255546250880600,30.4,
480,25,823.27,0.22,,133,3.3,,272,,5.48,,,4.02,,,,304,2.705,,2.921,,,2940,3.18672176899957,32.2,
481,26,925.68,0.13,,66.5,3.19,,292.5,,4.9,,,4.08,,,,361,2.14,,2.707,67,,5180,3.3141461712890300,30.7,
482,27,863.17,,,133,,,281,,,,,,,,,409,,,2.592,,,2800,,30.7,
483,28,828.59,,,66.5,,,232.5,,,,,,,,,288,,,2.992,,,4200,,31.1,
484,29,977.55,2.84,,66.5,3.43,,307.5,,6.12,,,4.23,,,,364,3.0250000000000000,,3.134,,,4900,2.52404484829162,32.8,
485,30,889.77,1.45,,66.5,1.56,,288.5,,5.32,,,4.26,,,,346,2.36,,3.087,,,4200,3.0948254518445200,32,
486,1,994.84,,,66.5,,,356.5,,,,,,,,,430,,,3.37,,,7000,,28.7,
487,2,734.16,1.69,,66.5,1.69,,288.5,,5.43,,,4.36,,,,359,2.21,,3.178,,,7000,3.335858907994230,32.7,
488,3,767.41,2.01,,66.5,1.37,,253.5,,5.1,,,4.83,,,,311,2.84,,3.494,,,4200,4.042082570764520,29.1,
489,4,686.28,,,159.6,,,265.4,,,,,,,,,437,,,3.369,,,2520,,31,
490,5,291.27,,,133,,,260,,,,,,,,,392,,,4.2,,,2520,,30.8,
491,6,708.89,2.5,,133,5.18,,296,,7.07,,,3.46,,,,423,2.97,,4.15,,,2800,2.4971360008089500,30.5,
492,7,670.32,2.93,,66.5,5.21,,247.5,,6.26,,,4.4,,,,317,2.955,,4.694,,,5600,3.3729024762725700,32.2,
493,8,857.85,2.38,,133,5,,270,,5.13,,,4.38,,,,403,2.86,,4.364,,,4200,3.772873042822110,31.4,
494,9,764.75,2.13,,133,3.66,,248,,5.45,,,4.17,,,,379,2.798,,4.325,,,5600,3.8663853592874400,28.9,
495,10,861.84,1.37,,66.5,5.15,,262.5,,6.1,,,4.31,,,,332,2.4300000000000000,,4.055,,,4200,3.263579360882380,29.2,
496,11,691.6,,,66.5,,,240.5,,,,,,,,,311,,,4.721,,,7000,,29,
497,12,825.93,,,159.6,,,227.4,,,,,,,,,392,,,4.375,,,2800,,28.5,
498,13,758.1,3.23,,159.6,3.75,,237.4,,3,,,4.25,,,,391,2.665,,3.91,,,2800,7.337554691958580,29.2,
499,14,881.79,3.13,,66.5,4.65,,233.5,,5.2,,,4.12,,,,302,2.69,,3.864,,,2800,4.303909118442520,31.7,
500,15,492.1,0.14,,66.5,2.77,,100.5,,6.23,,,4.19,,,,394,2.73,,5.017,,,4200,8.346400344366300,32.4,
501,16,744.8,1.68,,159.6,3.42,,213.4,,5.17,,,3.49,,,,373,2.69,,5.591,,,4200,4.73661801614181,31.6,
502,17,880.46,,,159.6,,,165.4,,,,,,,,,325,,,4.855,,,4200,,30.8,
503,18,759.43,,,93.1,,,82.9,,,,,,,,,170,,,3.312,,,1400,,30.9,
504,19,750.12,,,133,,,170,,,,,,,,,314,,,3.665,,,2800,,30.6,
505,20,903.07,0.19,,133,7.79,,272,,7.09,,,6.09,,,,412,2.4700000000000000,,2.711,,,2800,2.709805884226390,31,
506,21,587.86,0.1,,133,2.58,,258,,7.49,,,5.56,,,,378,3.03,,3.649,,,4200,2.704280876627700,31.1,
507,22,965.58,,,66.5,,,244.5,,,,,3.75,,,,310,,,3.366,,,2800,,31,
508,23,857.85,0.08,,66.5,3.44,,270.5,,5.63,,,3.08,,,,332,2.45,,3.008,,,4200,3.4314498521670000,30.5,
509,24,849.87,,,133,,,178,,,,,,,,,333,2.39,,3.424,71,,4200,,,
510,25,940.31,,,133,,,233,,,,,,,,,352,,,2.898,,,1400,,31.1,
511,26,682.29,,,66.5,,,196.5,,,,,,,,,262,,,2.783,,,2800,,30.8,
512,27,783.37,0.92,84.3,66.5,3.9,85.9,234.5,,6.31,82,,5.95,81.3,,,307,2.57,76.2,2.843,,,5600,3.531678117188270,30.5,
513,28,694.26,1.52,85.5,133,1.51,84.1,249,,5.04,82.3,,4.43,81.5,,,377,2.51,76.4,2.797,,,5600,4.164121925489980,31.2,
514,29,1078.63,1.47,85.7,133,1.53,84.8,283,,5.68,81.7,,5.01,,,,347,2.425,73.85,3.343,,,5600,3.2510118272613,30.5,
515,30,1147.79,1.42,86.5,66.5,1.42,83.5,216.5,,5.31,81.6,,,,,,292,2.295,74,2.966,,,5600,4.54570134489625,31.6,
516,31,988.19,1.34,84.6,66.5,1.45,84.6,134.5,,3.28,81.3,,,,,,210,2.44,75.7,3.169,,,5600,11.84560352618760,,
517,1,1045.38,,,133,,,185,,,,,,,,,309,,,2.568,,,4060,,29.4,
518,2,985.53,,,133,,,220,,,,,,,,,345,,,2.841,,,3220.0000000000000,,29.7,
519,3,940.31,2.56,78.7,66.5,4.17,86.5,264.5,,3.63,81.9,,,,,,347,3,68.4,2.913,,,4200,5.342998640816140,28.9,
520,4,1005.48,0.73,85,66.5,2.38,87,201.5,,6.2,81.5,,3.65,80.2,,,264,2.3500000000000000,75.1,2.73,,,5880,4.106299527735530,29.7,
521,5,1081.29,0.36,87,133,5.61,87.7,287,,7.09,83,,3.78,82.1,,,396,1.935,76.4,2.523,,,5600,2.5210951283399600,30.6,
522,6,796.67,2.16,85.3,133,3.47,85.8,268,,4.65,80.6,,3.48,80.1,,,416,2.205,73.85,2.578,,,5600,4.11651420317766,30.8,
523,7,1037.4,2.39,86.3,66.5,5.79,85.16,248.5,,3.1,80.3,,3.58,80.4,,,309,2.185,74.1,2.622,,,1400,6.6593107029272400,30.3,
524,8,876.47,,,66.5,,,267.5,,,,,,,,,349,,,2.589,,,1400,,31.5,
525,9,1050.7,,,133,,,261,,,,,,,,,391,,,2.304,,,4200,,32,
526,10,1185.03,1.88,86.7,159.6,2.58,88.3,218.4,,2.25,80.9,,3.82,80.9,,,361,2.37,76.25,3.287,,,4480,10.439560439560400,30.9,
527,11,1001.49,1.49,83.9,110.39,3.26,86,222.61,,2.76,81.4,,3.85,80.3,,,358,2.3450000000000000,76.15,2.355,,,5600,8.349560451794230,30.8,
528,12,993.51,,,66.5,,,259.5,,,,,,,,,326,,,2.553,,,7000,,30.1,
529,13,996.17,1.38,86.7,133,1.79,84.7,277,,3.84,81.2,,4.29,81.3,,,409,2.4,75.6,2.797,,,7000,4.82287906137184,30.7,
530,14,990.85,1.26,84,159.6,3.84,86,257.4,,3.67,81,,3.82,82.6,,,405,2.3450000000000000,76.5,2.645,,,7000,5.43053676568663,28.5,
531,15,791.35,,,66.5,,,363.5,,,,,,,,,425,,,2.298,,,8400,,29.5,
532,16,1004.15,,,133,,,344,,,,,,,,,432,,,2.835,,,6440.000000000000,,29.4,
533,17,893.76,0.1,83,219.45,2.3,86,281.55,,4.3,81,,3.8,80,,,514,2.25,77,2.835,,,4200,4.2373406351055,28.6,
534,18,1243.55,0.07,67,133,2.6,87,245,,5.4,81,,4.4,81,,,377,2.45,76,3.271,,,7700,3.877551020408160,31.5,
535,19,831.25,0.06,66.7,66.5,2.2,86.3,302.5,,4,81.6,,4.6,80.6,,,353,2.2,76.4,2.517,,,7840.000000000000,4.239669421487600,30.4,
536,20,920.36,0.09,80,66.5,2.19,86.3,272.5,,5.1,81,,4.3,80.6,,,339,2.045,73.45,2.273,,,6440.000000000000,3.691311386940100,30.3,
537,21,1028,0.05,66.7,133,1.48,88.6,232,,4.66,80.7,,4.34,80.4,,,364,2.635,74.6,2.444,70,,5600,4.745079177149620,30.6,
538,22,855.19,,,133,,,299,,,,,,,,,439,,,2.189,,,4200,,29.5,
539,23,790.02,,,66.5,,,281.5,,,,,,,,,325,,,2.394,,,4200,,29.7,
540,24,1098.58,0.64,85.4,66.5,1.86,86.6,373.5,,6.86,81.7,,4.13,80.9,,,469,2.5950000000000000,79.15,2.703,,,5880,2.002177807439670,30.5,
541,25,978.88,1.36,84.5,133,1.39,85.7,247,,3.56,80.9,,3.89,80.7,,,372,2.38,76,2.752,,,2800,5.8340535868625700,29.2,
542,26,970.9,1.55,83.8,133,3.36,86.7,205,,4.67,80.7,,2.89,80.6,,,332,2.49,75.65,2.281,,,5600,5.358541808116150,31.3,
543,27,881.79,1.19,84.3,66.5,1.76,84.7,251.5,,3.83,80.5,,3.75,80.1,,,325,2.41,76.70000000000000,2.522,,,4200,5.325747862693290,32.9,
544,28,1137.15,1.2,84,66.5,2.23,76.7,266.5,,4.05,80.5,,3.63,80,,,329,2.34,76.95,2.224,,,5600,4.752970606629140,29.3,
545,29,970.9,,,133,,,322,,,,,,,,,465,,,2.408,,,7000,,29.3,
546,30,865.83,,,133,,,231,,,,,,,,,353,,,3.021,,,3500,,29.1,
547,1,986.86,,,66.5,,,233.5,,,,,,,,,302,,,2.159,,,1400,,28.68,
548,2,896.42,2.2,86.8,66.5,3.61,86.8,250.5,,3.49,81.1,,4.24,80.3,,,322,2.2200000000000000,76.3,2.738,,,6300,6.527291105929370,29.01,
549,3,903.07,1.23,85.2,133,2.98,86.2,210,,3.76,81,,3.95,79.4,,,458,2.19,75.9,2.475,,,5040,7.227015720495470,29.04,
550,4,968.24,1.87,86.7,133,3.37,85.8,242,,3.25,81,,3.21,79.6,,,367,2.2800000000000000,75.6,2.669,,,5880,7.255501097143330,30.35,
551,5,920.36,1.96,86.4,66.5,4.72,86.7,223.5,,3.85,80.9,,3.97,79.4,,,293,2.245,76.05,1.936,,,5040,6.631745969264910,29.91,
552,6,1045.38,,,66.5,,,192.5,,,,,,,,,265,,,2.421,,,1400,,29.5,
553,7,867.16,,,133,,,223,,,,,,,,,351,,,2.559,,,5600,,30.3,
554,8,888,1.61,87.1,133,5.59,87.8,330,,3.57,80.4,,3.65,79.8,,,461,2.34,76.65,2.403,,,4900,4.843775242257220,28.58,
555,9,798,1.73,88,66.5,5.44,87.7,320.5,,4.33,81.2,,3.77,80.4,,,397,2.9850000000000000,78.45,2.4,,,5460,4.111972569493560,30.45,
556,10,1197,1,85.4,66.5,3.03,87.7,234.5,,4.75,81.3,,2.56,80.6,,,347,2.72,77.2,2.385,,,5180,5.123062832816270,28.67,
557,11,798,2.14,87,160,4.07,87.6,167,,3.25,81.1,,3.07,80.8,,,318,2.3100000000000000,76.5,2.545,,,4200,10.513959673704700,29.23,
558,12,931,1.48,86.1,160,4.38,86.9,173,,4.08,80.9,,3.22,79.7,,,346,2.54,76.8,2.322,,,5600,8.084624862437980,30.54,
559,13,931,,,66.5,,,343.5,,,,,,,,,419,,,2.122,,,4060,,31.13,
560,14,928,,,66.5,,,218.5,,,,,,,,,287,,,2.278,,,3780.0000000000000,,30.8,
561,15,937,0.05,50,133,1.69,86.5,222,,3.12,82.1,,2.89,79.8,,,358,2.11,76.5,2.04,,,5600,8.238697754826790,31.5,
562,16,907,0.29,84.6,133,2.99,87.6,270,,3.67,81.1,,4.02,81.2,,,394,2.25,74,2.011,,,7000,5.7588572135465000,30.78,
563,17,855,1.68,87.7,66.5,2.5,87.2,263.5,,1.89,81.8,,3.97,80.8,,,327,2.08,75,2.224,68,,9380,11.458393046199900,31.28,
564,18,958,0.59,83.3,66.5,3.26,83.7,287.5,,2.87,81.8,,3.8,80.3,,,356,2.14,76,2.181,,,9660,6.915863187884530,30.76,
565,19,887,0.19,88.9,199,2.9,88.1,278,,2.66,81.3,,3.94,80.6,,,472,2.15,73.55,2.131,,,8400,7.716843745474150,30.24,
566,20,884,,,199,,,230,,,,,,,,,434,,,2.588,,,9380,,30.19,
567,21,767,,,199,,,267,,,,,,,,,475,,,2.248,,,5880,,30.29,
568,22,844,1.17,85,199,1.21,86.8,264,,3.5,81.4,,3.26,80.7,,,454,2.14,77.3,3.417,,,4200,6.175813433877950,30.45,
569,23,856,1.58,86.5,199,2.1,86.7,326,,0.43,78.3,,3.17,79.4,,,515,2.17,76.8,3.285,,,9800,40.708029768178200,30.27,
570,24,627,1.1,88.7,199,1.15,85,262,,3.87,80.8,,,,,,467,2.0950000000000000,74.7,2.654,,,8400,5.6279973301213300,,
571,25,848,1.21,84.8,199,1.24,83.6,257,,6.18,81.6,,,,,,451,2.12,75.4,2.629,,,8680,3.5928951260519200,,
572,26,772,1.42,86.5,133,4.43,86.3,669,,5.52,82.1,,,,,,821,2.08,78.30000000000000,2.901,,,8400,1.5452577968694400,29.71,
573,27,815,,,199,,,277,,,,,,,,,464,,,3.021,,,8820,,30.47,
574,28,687,,,199,,,213,,,,,,,,,426,,,2.569,,,2800,,30.26,
575,29,899,3.06,87,133,3.7,87.8,192,,6.41,81.3,,2.53,80.4,,,333,2.1400000000000000,76.70000000000000,2.661,,,1400,4.6366774025799700,30.31,
576,30,865.83,1.87,86.4,133,3.17,86.6,132,,3.36,81.4,,,,,,247,2.27,74.4,2.679,,,6440.000000000000,12.86627798724570,29.64,
577,31,928.34,2.73,86.8,0,3.4,87.7,175,,5.85,81.7,,,,,,196,2.29,78.4,2.391,,,6300,5.574067509551380,29.29,
578,1,996.17,1.8,85,66.5,3.3,87,147.5,,4.9,81,,,,,,210,2.005,76.2,2.539,,,5180,,29,
579,2,1010.8,1.8,86,133,2.5,86,353,,7.3,77,,2.5,81,,,476,1.99,74.2,2.279,,,4200,1.7734487174512000,32,
580,3,953.61,,,133,,,178,,,,,,,,,306,,,1.558,,,1400,,,
581,4,1000.16,,,66.5,,,172.5,,,,,,,,,234,,,1.962,,,2800,,32,
582,5,909.72,1.5,86,199.5,3.7,86,215.5,,6.2,81,,4.4,80,,,432,2.09,77.1,2.101,67,,1680,3.4204026644712200,,
583,6,788.69,1.5,90,199.5,4,87,240.5,,4.5,81,,5,80,,,437,2.02,77,2.328,,,4200,4.222684222684220,30,
584,7,784.7,2.6,87,119.5,4.1,87,300.5,,4.5,81,,4.6,80,,,424,2.08,77.1,2.96,,,5600,3.3795525975226500,32,
585,8,941.64,1.3,86,199.5,4.8,87,280.5,,3.9,81,,4.2,81,,,473,2.5,79,3.11,,,8400,4.177521824580650,31,
586,9,912.38,1.71,85,199.5,5.24,87,231.5,,4.09,81,,4.8,80,,,423,2.115,77,3.251,,,4060,4.826606536513750,30.34,
587,10,933.66,,,199.5,,,155.5,,,,,,,,,361,,,3.105,,,5460,,31.35,
588,11,808.64,,,199.5,,,174.5,,,,,,,,,377,,,2.833,,,4200,,32.1,
589,12,1008.14,0.79,80.6,199.5,1.87,87.4,197.5,,4.48,80.4,,4.23,79.9,,,395,2.44,76.15,2.48,,,7000,5.16500904159132,30.54,
590,13,1075.97,1.36,85.5,199.5,3.74,86.7,25.5,,4.5,80.5,,,,,,230,2.9,74.5,2.482,,,7000,39.82570806100220,29.84,
591,14,1004.15,,,199.5,,,129.5,,,,,,,,,314,2.205,74.80000000000000,2.429,,,2380,,,
592,15,1016.12,1.23,86.8,199.5,1.69,86,146.5,,5.08,81.3,,4.61,80.2,,,356,2.365,76.65,1.825,,,7420,6.140657332509200,30.99,
593,16,775.39,,,199.5,,,343.5,,,,,4.885,80.8,,,501,2.09,76.95000000000000,2.551,,,8400,,30.31,
594,17,1004.15,,,199.5,,,174.5,,,,,,,,,411,,,2.428,,,4200,,31.32,
595,18,877.8,,,199.5,,,174.5,,,,,,,,,380,,,2.86,,,4200,,31.32,
596,19,981.54,0.09,60,199.5,0.14,80,234.5,,3.07,81.1,,,,,,420,2.13,76.5,3.189,,,6580,6.347971635540310,30.03,
597,20,997.5,1.28,85.5,199.5,1.48,85.5,176.5,,3.58,83,,4.44,80.9,,,379,2.2,76.2,2.693,,,9800,7.232500356085900,31.14,
598,21,788.69,0.31,76.5,199.5,0.4,82.4,168.5,,4.75,80.7,,4.65,80.1,,,375,2.2433333333333300,76.03333333333330,3.276,,,7000,5.709823520224900,30.14,
599,22,726.18,1.51,86.4,199.5,1.57,85.4,156.5,,5,81.2,,5.11,80.8,,,359,2.356666666666670,76.43333333333330,2.795,,,9800,5.840255591054310,31.33,
600,23,925.68,1.46,86.4,199.5,1.52,84.8,186.5,,4.74,80.1,,4.17,80.2,,,376,2.046666666666670,73.46666666666670,2.369,,,8400,5.16962477800025,,
601,24,671.65,,,199.5,,,183.5,,,,,,,,,393,,,2.239,,,4200,,30.75,
602,25,929.67,,,199.5,,,368.5,,,,,,,,,528,,,2.509,,,4200,,30.28,
603,26,982.87,1.57,86.2,199.5,4.79,88.1,155.5,,5.31,81.8,,,,,,400,,,2.747,,,4200,5.534664317159280,31.73,
604,27,747.46,2.98,86.5,199.5,4.92,89.2,273.5,,3.8,81.6,,5.39,80.8,,,462,2.275,76,3.114,,,8400,4.397190416626580,31.02,
605,28,905.73,3.32,85.8,199.5,4.36,85.5,194.5,,5.37,80.8,,3.55,80.6,,,375,2.265,76.55000000000000,3.096,,,7000,4.375445802396440,31.03,
606,29,861.84,2.08,82.9,199.5,4.68,85.7,230.5,,4.68,81.6,,3.3,80.7,,,443,2.185,77.65,3.029,,,9100,4.236423976120290,30.42,
607,30,1012.13,1.7,82.7,199.5,3.73,82.8,233.5,,4.28,81.9,,3.13,81,,,424,2.04,76.7,3.654,,,4480,4.572835157797840,30.19,
608,31,954.94,,,199.5,,,248.5,,,,,,,,,451,,,4.151,,,2800,,31.54,
609,1,949.62,,,199.5,,,141.5,,,,,,,,,355,,,3.817,,,2800,,32,
610,2,790.02,2.8,87,199.5,4.9,86,157.5,,3.4,82,,4.1,80,,,349,2.2,76.1,3.551,,,4200,8.35978835978836,30,
611,3,855.19,2.4,87,199.5,3.8,89,173.5,,3.8,81,,3.8,80,,,386,2.02,74,4.048,,,7000,6.7900298296172700,30,
612,4,809.97,1.9,88,199.5,3,89,169.5,,4.2,82,,3.1,81,,,350,1.8,76,3.989,,,11200,6.288336376831950,31,
613,5,800.66,2.4,86.7,133,5.4,86.8,310,,5.2,82,,3,80.7,,,450,2.08,70.7,3.552,,,8400,2.777088502894950,30,
614,6,869.82,0.57,80,199.5,4.07,86.7,289.5,,5.64,81.5,,3.45,80.3,,,475,2.17,75.3,3.852,,,9800,2.7417451626469400,30.88,
615,7,994.84,,,199.5,,,279.5,,,,,,,,,495,,,4.079,,,15400,,29.21,
616,8,978.88,,,199.5,,,240.5,,,,,,,,,454,,,4.337,,,8400,,29.08,
617,9,974.89,1.22,86.3,199.5,3.19,86.5,325.5,,,,,2.91,79.2,,,509,1.74,75,4.02,,,19600,,31.37,
618,10,984.2,0.5,82.4,199.5,3.76,86.8,220.5,,4.92,81.9,,3.52,81,,,419,2.22,75.7,4.289,,,7000,4.126492512090650,31.21,
619,11,980.21,2.29,86.5,199.5,3.65,86.4,244.5,,4.78,81.4,,3.1,79.8,,,456,1.86,75.8,3.432,,,8400,3.8304341253747000,30.93,
620,12,1041.39,0.3,75,199.5,0.31,80,336.5,,2.82,80.9,,3.76,80,,,532,2.28,74.3,4.243,,,7000,4.717594202593100,30.95,
621,13,807.31,,,199.5,,,201.5,,,,,2.87,79.6,,,401,1.8400000000000000,74.35,3.529,,,8400,,30.75,
622,14,865.83,,,199.5,,,230.5,,,,,,,,,422,,,3.881,,,4200,,30.51,
623,15,913.71,,,199.5,,,133.5,,,,,,,,,342,,,3.666,,,5600,,30.53,
624,16,907.06,1.27,85.7,199.5,1.94,86.1,185.5,,1.97,81.9,,,,,,383,1.73,74.6,3.809,,,5600,12.250240580860300,29.03,
625,17,1066.66,1.47,85.9,199.5,1.48,85.5,264.5,,2.29,80.8,,,,,,458,1.78,76,4.422,,,15400,7.390836573359420,30.95,
626,18,917.7,1.39,85.7,199.5,1.39,83.9,352.5,,2.67,81,,,,,,556,1.83,75.8,3.823,,,15400,4.756465765311090,30.42,
627,19,554.61,,,199.5,,,216.5,,,,,,,,,412,1.76,75.2,3.763,,,16800,,30.85,
628,20,1036.07,,,199.5,,,258.5,,,,,,,,,455,,,4.288,,,9800,,31.03,
629,21,672.98,,,199.5,,,256.5,,,,,,,,,466,,,4.241,,,12600,,31.13,
630,22,578.55,,,133,,,288,,,,,,,,,413,,,3.851,,,12600,,31.15,
631,23,558.6,1.7,86.3,133,5.25,89.8,78,,3.18,81.9,,,,,,215,1.8400000000000000,76.05,3.208,,,11200,18.048164274579400,30.36,
632,24,1036.07,2.3,77.5,199.5,2.76,85.8,195.5,,4.01,82,,,,,,389,1.75,75.20000000000000,2.989,,,23800,5.710361776717630,30.88,
633,25,1009.47,3.02,84.7,199.5,3.54,86.3,217.5,,3.12,81.9,,3.84,79.5,,,425,1.82,74.95000000000000,2.906,,,22400,6.596915217604870,30.6,
634,26,823.27,3.15,85.4,226.1,1.81,85.4,242.9,,3.47,80.6,,3.65,79.7,,,461,1.85,74.35,3.152,,,21000,5.311262526254760,31.07,
635,27,784.7,2.37,86.3,199.5,3.02,86.8,263.5,,3.23,80.6,,3.48,79.7,,,466,1.84,75.15,3.04,72,,28000,5.259828889110820,31.7,
636,28,712.88,,,219.45,,,283.55,,,,,,,,,501,,,3.027,,,12600,,31.39,
637,29,768.74,,,212.8,,,208.2,,,,,,,,,420,,,3.114,,,15400,,31.16,
638,30,948.29,2.21,86.8,212.8,4.07,88,201.2,,3.96,80.8,,,,,,429,1.72,75,2.877,,,14000,5.618645032163920,30.22,
639,1,893.76,,,199.5,,,251.5,,,,,,,,,334,,,2.877,,,9800,,28.69,
640,2,780.71,0.87,85.7,212.8,5.61,89.1,194.2,,4,81.1,,4.66,79.7,,,403,2.05,80.5,2.882,,,14000,6.814557655891830,28.92,
641,3,722.19,2.28,85,212.8,3.54,85.2,205.2,,3.96,80.6,,3.92,80.1,,,416,2.08,75.5,2.162,,,16800,6.514398846034390,30.43,
642,4,661,1.5,84.4,212.8,3.85,86.1,141.2,,3.27,81.4,,4.18,80.8,,,368,2.38,84.1,2.221,,,15400,11.464746010813300,30.37,
643,5,633.08,,,226.1,,,116.9,,,,,,,,,122,,,1.679,,,7000,,32.07,
644,6,703.57,,,226.1,,,241.9,,,,,,,,,459,,,2.167,,,4200,,31.97,
645,7,730.17,1.61,83.3,212.8,1.84,84.4,240.2,,,,,3.94,80.6,,,453,2.31,77.2,1.622,,,2800,,30.8,
646,8,704.9,0.76,84.8,199.5,2.38,85.4,215.5,,4.39,81.6,,3.87,80.5,,,396,1.63,82.7,2.124,,,5600,5.595450942710730,30.64,
647,9,712.88,0.62,82.1,199.5,1.88,84.4,198.5,,3.88,81.1,,,,,,434,2.07,74.55000000000000,2.214,,,8400,6.873131459005390,29.89,
648,10,643.72,0.17,70,199.5,1.69,85,238.5,,3.63,81,,,,,,422,1.415,76.75,2.941,,,4200,6.1143722959691500,28.53,
649,11,759.43,,,199.5,,,203.5,,,,,4.35,80.2,,,405,2.1550000000000000,75.95,2.499,,,2800,,30.02,
650,12,783.37,,,199.5,,,203.5,,,,,,,,,410,,,2.575,,,2800,,29.46,
651,13,742.14,,,199.5,,,251.5,,,,,,,,,442,,,2.679,,,4200,,29.59,
652,14,655.69,0.94,83.3,199.5,1.15,85,227.5,,,,,,,,,473,,,3.737,,,2800,,28.76,
653,15,691.6,1.87,86.7,199.5,1.98,85.9,178.5,,,,,3.39,80,,,374,2.12,76.6,3.025,,,5600,,28.71,
654,16,758.1,0.93,86.3,199.5,1.28,85.7,181.5,,4.21,81.3,,4.26,79.7,,,365,1.985,75.35,2.809,,,7000,6.92768547548049,29.94,
655,17,940.31,3.03,86.7,199.5,3.75,88.1,169.5,,3.77,81.1,,4.66,80.3,,,438,2.11,75.4,2.838,,,7000,8.283918823653240,29.95,
656,18,713.28,1.7,86.4,199.5,2.08,86.2,230.5,,4.05,80.4,,3.94,80.1,,,413,2.005,73.65,2.987,67,,5600,5.6704945096240300,31.11,
657,19,813.96,,,199.5,,,271.5,,,,,,,,,425,,,2.751,,,2800,,29.87,
658,20,707.56,,,199.5,,,264.5,,,,,,,,,456,,,3.478,,,2800,,29.74,
659,21,824.6,1.87,85.1,199.5,3.54,86.8,113.5,,5.16,81.5,,3.25,80.3,,,386,1.79,75.3,2.335,,,4200,9.038603263150590,30.54,
660,22,694.26,1.5,85.9,199.5,4.05,87.3,169.5,,3.79,81.1,,,,,,368,2.495,74.9,2.364,,,5600,8.240204212446630,30.91,
661,23,798,1.84,86.3,199.5,4.55,87,134.5,,4,81.3,,3.74,80.4,,,345,1.91,76,2.799,,,5600,9.839309269696610,30.68,
662,24,845.88,2.31,84.5,199.5,4.6,85,180.5,,3.67,81,,3.88,80.1,,,376,1.915,75.15,3.549,,,5600,7.991045743502040,30.91,
663,25,840.56,1.6,86.2,199.5,3.47,86.3,149.5,,3.49,81.2,,3.86,80.4,,,348,1.98,76.5,3.071,,,5600,10.145659144803200,31.02,
664,26,695.59,,,199.5,,,165.5,,,,,,,,,361,,,2.979,,,2800,,30.59,
665,27,788.05,,,199.5,,,148.5,,,,,,,,,301,,,3.09,,,2800,,30.91,
666,28,671.65,0.28,76.9,199.5,2.08,85.9,271.5,,5.55,81.3,,3.82,80.2,,,513,1.7350000000000000,76.70000000000000,3.227,,,4200,3.5130478901642700,30.83,
667,29,776.72,2.62,83.6,199.5,3.77,84.3,252.5,,4.21,80.9,,3.03,80.4,,,465,1.7850000000000000,76.1,3.236,,,5600,4.979702628909740,30.61,
668,30,811.3,0.83,84.6,199.5,4,85,208.5,,3.55,81.1,,3.77,80.2,,,409,2.42,72.9,3.16,,,5600,7.151752473532310,30.69,
669,31,808.64,1.72,82.1,199.5,3.45,83.6,274.5,,3.22,80.9,,3.86,79.5,,,485,2.56,75.8,3.006,,,5600,5.988922136348160,29.51,
670,1,794,4,85,199.5,4.9,86,210.5,,3.4,79,,3.2,80,,,423,,,2.511,,,7000,,29,
671,2,732,,,199.5,,,117.5,,,,,,,,,314,,,2.774,,,2800,,31,
672,3,869,,,199.5,,,185.5,,,,,,,,,376,,,1.929,,,4200,,31,
673,4,832,1.6,84,199.5,1.8,82,111.5,,4.1,80,,3.8,79,,,325,1.8,76,2.851,,,4200,,31,
674,5,813,1.4,82,133,1.6,82,218,,4.2,79,,4,79,,,440,2,74,3.256,,,5600,,32,
675,6,562,1.2,83,203.49,4,80,251.51,,3.6,79,,,,,,437,1.8,76,2.943,,,7000,,32,
676,7,631,1.6,82,199.5,3.4,81,171.5,,2,80,,4.3,78,,,382,1.9,76,4.153,,,5600,,32,
677,8,718,1.4,80,199.5,1.6,83,145.5,,1.8,77,,4.8,77,,,346,2,74,3.576,69,,8400,,32,
678,9,796,,,199.5,,,241.5,,,,,,,,,435,,,3.21,,,2800,,32,
679,10,710,,,199.5,,,332.5,,,,,,,,,521,,,3.724,,,4200,,32,
680,11,659,1,82,199.5,1.3,83,257.5,,5.4,80,,3.9,78,,,467,2.6,80,3.614,,,4200,,30,
681,12,779,2,84,199.5,2.3,84,267.5,,4.6,80,,,,,,455,2.3,76,3.213,,,2800,,30,
682,13,739,2.3,84,199.5,2.4,84,294.5,,,,,,,,,489,2.1,75,3.243,,,5600,,32,
683,14,892,1.1,83,199.5,1.1,85,468.5,,3.2,79,,,,,,1034,1.6,74,3.815,,,5600,,30,
684,15,799,1.5,83,199.5,1.6,83,387.5,,1.9,78,,,,,,595,1.1,71,3.595,,,8400,,30,
685,16,879,,,199.5,,,397.5,,,,,,,,,605,,,3.48,,,4200,,31,
686,17,712,,,199.5,,,295.5,,,,,,,,,495,,,3.69,,,5600,,31,
687,18,960.26,2.4,86,199.5,2.8,87,217.5,,4,79,,,,,,417,2,70,3.806,,,4200,,31,
688,19,896.42,2.1,85,199.5,3.7,87,300.5,,3.2,79,,,,,,491,1.6,74,3.365,,,5600,,31,
689,20,900.41,0.72,82,199.5,3.5,86,322.5,,2.6,79,,,,,,519,2.2,74,4.361,,,7000,,31,
690,21,817.95,3.4,86,199.5,3.5,86,278.5,,4.4,80,,4.1,79,,,483,1.9,76,3.841,,,4200,,31,
691,22,845.88,2,84,199.5,3,86,251.5,,3.7,80,,3.6,78,,,447,2.1,74,3.554,,,1400,,30,
692,23,853.86,,,199.5,,,262.5,,,,,,,,,460,,,3.167,,,1400,,29,
693,24,901.74,,,199.5,,,330.5,,,,,,,,,528,,,4.346,,,4200,,30,
694,25,985.53,2.3,87,199.5,3.2,86,213.5,,4.8,81,,3.8,79,,,436,1.8,75,4.212,,,4200,,31,
695,26,929,2.7,87,199.5,4.3,88,243.5,,6.2,81,,4.9,80,,,443,2.3,75,4.144,,,5600,,31,
696,27,816,2.4,87,199.5,2.6,88,303.5,,2.9,80,,4.9,80,,,503,2.6,81,3.757,,,7000,,29,
697,28,921,1.6,87,199.5,5.3,91,222.5,,4.6,80,,4.6,79,,,416,2.1,72,4.416,,,5600,,26,
698,29,841,,,199.5,,,214.5,,3.3,80,,3.4,79,,,419,1.8,72,3.879,,,5600,,29,
699,30,861,,,199.5,,,222.5,,,,,,,,,422,,,3.815,,,2800,,30,
700,1,956,,,199.5,,,194.5,,,,,,,,,401,,,3.309,,,2800,,31,
701,2,816,0.29,80,199.5,2,87,238.5,,3.6,81,,5.1,80,,,435,2.8,76,3.372,,,2800,,30,
702,3,778,0.3,77,199.5,1.2,89,310.5,,3.6,81,,5.5,80,,,496,2,74,3.917,,,4200,,30,
703,4,710.2,0.52,83,199.5,0.56,83,475.5,,4.9,81,,4.6,80,,,670,2.2,76,4.02,,,5600,,30,
704,5,877.8,0.79,82,199.5,1.5,85,251.5,,3.5,81,,4.7,80,,,462,2.1,74,4.202,,,5600,,30,
705,6,811.3,0.3,78,199.5,1,81,247.5,,4.7,81,,4.7,80,,,441,2,73,3.888,,,5600,,30,
706,7,857.8,,,199.5,,,253.5,,,,,,,,,437,,,3.84,,,2800,,29,
707,8,887.1,,,199.5,,,331.5,,,,,,,,,530,,,4.251,,,4200,,30,
708,9,799.38,2.1,88,199.5,2.8,88,250.5,,2.2,82,,4.4,81,,,456,2,72,4.554,,,4200,,30,
709,10,855.19,1.5,87,199.5,1.5,88,204.5,,3.3,81,,4,81,,,384,2,76,4.172,,,5600,,30,
710,11,799.33,1.5,88,199.5,1.6,87,160.5,,2.2,82,,4.3,82,,,401,1.8,75,3.881,,,4200,,30,
711,12,891.1,1.4,86,199.5,1.5,87,199.5,,3.1,83,,4.8,82,,,396,2,76,4.455,,,5600,,30,
712,13,799.33,,,199.5,,,279.5,,,,,4.6,82,,,480,2,73,4.573,,,4200,,30,
713,14,799,,,199.5,,,319.5,,,,,,,,,511,,,4.421,,,4200,,31,
714,15,691.6,,,199.5,,,225.5,,,,,,,,,436,,,3.339,,,2800,,31,
715,16,938.98,2.4,87,199.5,3.5,87,250.5,,4.1,83,,4.5,82,,,450,2,76,3.479,,,2800,,30,
716,17,970.9,1.5,86,199.5,6.7,93,223.5,,4.3,83,,4.9,82,,,421,1.8,71,3.944,,,4200,,29,
717,18,845.88,1.2,88,199.5,4.2,89,245.5,,2.8,82,,3.7,82,,,426,2.2,78,3.594,,,4200,,32,
718,19,852.53,1.4,87,199.5,6.4,92,230.5,,4.4,84,,3.1,82,,,449,2,76,3.716,,,5600,,32,
719,20,824.6,3.2,86,199.5,5.1,85,193.5,,3.9,83,,3,83,,,392,1.8,76,3.411,,,4200,,29,
720,21,853.86,,,199.5,,,194.5,,,,,,,,,370,,,3.539,,,2800,,29,
721,22,911.05,,,199.5,,,161.5,,,,,,,,,382,,,3.656,,,2800,,30,
722,23,845.88,1.5,86,199.5,5.5,91,311.5,,2.7,84,,4,83,,,520,1.7,75,4.33,,,2800,,29,
723,24,899,1.4,85,199.5,4.1,90,134.5,,6.1,84,,5.7,83,,,337,1.8,76,3.731,,,5600,,29,
724,25,1062,,,199.5,,,320.5,,,,,,,,,515,,,3.257,,,5600,,31,
725,26,718,,,199.5,,,206.5,,,,,,,,,406,,,3.179,,,5600,,30,
726,27,823,1.7,87,199.5,3.7,86,242.5,,3.5,84,,3.6,82,,,445,1.7,75,3.685,67,,5600,,32,
727,28,885,,,199.5,,,217.5,,,,,,,,,416,,,2.959,,,5600,,32,
728,29,836,,,199.5,,,274.5,,,,,,,,,464,,,2.845,,,2800,,32,
729,30,957,,,199.5,,,219.5,,3.6,84,,6.2,82,,,427,1.7,79,3.162,67,,2800,,32,
730,31,937,0.38,80,199.5,0.48,84,209.5,,3.4,85,,7.9,83,,,401,1.8,76,3.403,,,5600,,31,
731,1,710,,,199.5,,,215.5,,,,,,,,,414,,,3.034,,,2800,,32,
732,2,940,0.73,88,199.5,1.6,85,282.5,,2.7,84,,3.6,83,,,484,1.8,79,3.169,,,7000,,32,
733,3,1034,0.53,84,199.5,1.2,87,224.5,,3.7,85,,3.5,83,,,414,1.6,78,2.926,,,5600,,31,
734,4,1004,,,199.5,,,317.5,,,,,,,,,509,,,2.994,,,7000,,32,
735,5,823,,,199.5,,,312.5,,,,,,,,,503,,,3.067,,,2800,,31,
736,6,796,1.7,87,199.5,1.9,88,159.5,,2.1,84,,3.9,83,,,368,1.6,74,2.979,,,4200,,30,
737,7,895,1.5,87,199.5,6,84,295.5,,3.1,84,,4,84,,,496,2,80,3.129,,,7000,,30,
738,8,831,1.4,89,199.5,2,87,218.5,,1.8,83,,,,,,410,1.8,79,3.248,,,5600,,31,
739,9,844,1.7,87,199.5,2,86,172.5,,3.4,83,,,,,,374,1.8,80,2.577,,,7000,,29,
740,10,812,1.4,86,199.5,1.8,83,212.5,,3.1,83,,4.3,82,,,411,1.6,78,2.56,65,,5600,,29,
741,11,1095,,,199.5,,,221.5,,,,,,,,,403,,,2.467,,,4200,,32,
742,12,840,,,199.5,,,354.5,,,,,,,,,563,,,2.34,,,2800,,31,
743,13,696,1.2,85,199.5,3.8,84,188.5,,3.2,84,,,,,,401,1.7,73,2.549,,,4200,,31,
744,14,769,2.1,85,199.5,3.6,87,190.5,,3.8,83,,4.3,83,,,385,2.2,80,2.507,,,0,,31,
745,15,927,2.1,86,199.5,2.4,86,289.5,,3.2,83,,3.9,82,,,453,1.7,78,3.045,,,5600,,33,
746,16,822,1.8,87,199.5,2.1,88,262.5,,3.7,83,,3.8,83,,,505,2,78,2.91,,,5600,,29,
747,17,876,1.8,86,199.5,1.8,86,305.5,,2.6,83,,3.9,83,,,479,1.6,75,3.494,,,4200,,29,
748,18,815,,,199.5,,,244.5,,,,,,,,,449,,,3.358,,,5600,,31,
749,19,868,,,199.5,,,253.5,,,,,,,,,444,,,3.096,,,2800,,29,
750,20,681,3,87,199.5,6.4,87,278.5,,4.5,83,,4.1,83,,,472,2.4,79,3.326,,,4200,,30,
751,21,965,0.25,77,199.5,3.5,88,254.5,,3.4,83,,4,83,,,486,1.9,78,2.883,,,5600,,29,
752,22,949,1.4,87,199.5,1.9,87,261.5,,2.6,85,,3.4,83,,,455,1.9,78,3.192,,,5600,,30,
753,23,972,2,86,199.5,2.1,88,153.5,,,,,3.9,83,,,351,1.9,79,3.212,,,5600,,30,
754,24,795,,,199.5,,,338.5,,,,,4.8,83,,,531,1.8,76,2.902,,,4200,,30,
755,25,1054,,,199.5,,,283.5,,,,,,,,,496,,,3.396,,,5600,,31,
756,26,637,,,520,,,425,,,,,,,,,957,,,3.374,,,2800,,31,
757,27,852,0.61,86,133,1.4,87,222,,4.6,84,,4.7,83,,,349,2,78,4.142,,,4200,,30,
758,28,1057,1.6,87,199.5,2.2,86,227.5,,2.3,84,,4.9,83,,,433,1.9,76,3.69,,,5600,,31,
759,29,881,2.1,87,199.5,2.1,88,227.5,,3.5,84,,5.2,83,,,400,2.2,78,3.2,,,4200,,31,
760,30,832,0.91,86,199.5,2.5,86,206.5,,3.3,82,,5.4,83,,,432,2,76,3.434,,,2800,,30,
761,31,931,,,199.5,,,235.5,,,,,,,,,414,,,3.896,,,0,,,
762,1,784,,,199.5,,,352.5,,,,,,,,,552,,,3.18,,,0,,,
763,2,724,,,199.5,,,332.5,,,,,,,,,533,,,3.399,,,2800,,29,
764,3,835,,,199.5,,,378.5,,,,,,,,,580,,,3.783,,,2800,,30,
765,4,1118,2.1,88,199.5,2.7,89,379.5,,3.8,84,,5.3,83,,,587,1.9,80,4.128,,,4200,,29,
766,5,594,,,199.5,,,273.5,,,,,4.7,83,,,461,2,78,3.939,,,2800,,29,
767,6,901,1.5,89,199.5,1.5,88,293.5,,4.4,84,,5.3,83,,,498,2,80,3.913,,,4200,,30,
768,7,758,0.31,88,199.5,0.42,82,504.5,,4.1,83,,5.3,83,,,705,2,77,3.732,70,,1400,,31,
769,8,936,,,199.5,,,273.5,,,,,,,,,492,,,3.919,,,1400,,32,
770,9,915,,,199.5,,,281.5,,,,,,,,,435,,,3.402,,,2100,,31,
771,10,763,1.3,87,199.5,1.4,88,231.5,,4.1,83,,5.9,83,,,451,1.6,79,3.023,,,2100,,30,
772,11,820,1.7,89,199.5,3.6,89,256.5,,3.9,85,,4.4,84,,,472,2.2,80,2.974,,,2100,,30,
773,12,711,3.1,87,199.5,3.7,90,207.5,,4.6,85,,5.4,84,,,401,2.1,80,3.258,,,2100,,31,
774,13,775,1.8,86,199.5,2.9,85,199.5,,4.9,85,,3.7,84,,,406,1.9,79,3.386,,,2100,,30,
775,14,920,2.3,88,66.5,4.7,84,296.5,,3.9,85,,4,84,,,354,2.2,80,3.026,,,2100,,31,
776,15,831,,,66.5,,,215.5,,,,,,,,,303,,,2.862,,,2100,,30,
777,16,810,,,133,,,187,,,,,,,,,308,,,2.544,,,2100,,31,
778,17,888,1.8,88,133,2.5,89,201,,3.2,86,,3.8,85,,,335,2.1,80,3.099,,,2100,,30,
779,18,763,1.5,87,66.5,2.3,88,254.5,,4.9,85,,3.9,84,,,327,2,80,2.714,,,2100,,30,
780,19,900,1.8,89,66.5,2.1,87,224.5,,3.9,85,,,,,,291,2,79,2.411,,,2100,,30,
781,20,875,2,88,133,2.1,89,243,,3.6,85,,3.1,85,,,372,,,3.034,,,2100,,30,
782,21,1021,1.8,89,159,3.1,89,164,,3.4,85,,3.5,85,,,320,2.1,79,3.015,,,2100,,30,
783,22,974,,,66.5,,,141.5,,,,,,,,,280,,,2.654,,,2100,,31,
784,23,763,,,66.5,,,187.5,,,,,,,,,253,,,2.8,,,2100,,31,
785,24,881,1.4,88,133,3.8,87,223,,3,85,,3.8,86,,,364,2.1,80,2.668,,,2100,,31,
786,25,868,,,133,,,401,,,,,3.8,84,,,462,2,80,2.71,,,2100,,29,
787,26,895,1.4,87,66.5,3.9,89,367.5,,5.1,85,,6.4,84,,,380,2.1,74,3.078,,,2100,,30,
788,27,902,2.4,87,66.5,3.3,87,136.5,,4.1,84,,4,84,,,226,3.5,82,2.318,,,2100,,29,
789,28,801,1.7,87,133,2.8,86,187,,3.5,84,,,,,,300,1.9,79,2.964,,,2100,,32,
790,1,861,,,133,,,136,,,,,,,,,263,,,2.538,,,0,,32,
791,2,861,,,66.5,,,257.5,,,,,,,,,322,,,2.362,,,4200,,30,
792,3,912,2.9,88,66.5,3.2,90,142.5,,2.8,84,,4.8,84,,,222,2.2,70,2.595,,,5600,,31,
793,4,1005,,,199.5,,,165.5,,3.4,84,,,,,,316,2.1,76,2.75,,,7000,,31,
794,5,945,1.7,87,199.5,2.1,88,264.5,,3.7,85,,,,,,509,2,78,2.607,,,5600,,30,
795,6,768,1.4,87,199.5,1.5,87,156.5,,2.6,84,,,,,,354,2,80,2.362,,,4200,,31,
796,7,900,1.6,88,199.5,1.6,86,177.5,,3.7,83,,,,,,358,2.6,80,1.985,,,4200,,31,
797,8,744,,,199.5,,,139.5,,,,,,,,,339,,,2.836,,,2800,,32,
798,9,675,,,199.5,,,163.5,,,,,,,,,372,,,2.134,,,1400,,31,
799,10,807,2.4,87,199.5,2.8,87,132.5,,3.9,83,,,,,,323,1.7,76,3.231,,,1400,,29,
800,11,764,1.7,89,199.5,3,88,150.5,,4.9,84,,5.7,82,,,339,2.2,78,2.475,,,1400,,,
801,12,752,2,89,199.5,2.9,86,211.5,,3.8,84,,5.5,82,,,401,2.2,77,2.497,,,2800,,29,
802,13,670,2.1,87,199.5,5,93,124.5,,3,83,,5.6,82,,,343,2.2,78,3.185,,,4200,,29,
803,14,711,1.6,87,199.5,1.6,88,196.5,,4,83,,5.3,82,,,382,3,78,2.542,,,4200,,29,
804,15,943,,,199.5,,,184.5,,,,,,,,,395,,,3.052,,,1400,,32,
805,16,860,,,199.5,,,242.5,,,,,,,,,429,,,2.975,,,1400,,33,
806,17,693,1.3,89,199.5,1.7,89,214.5,,3.8,84,,,,,,377,2.3,79,2.983,,,2800,,29,
807,18,891,1.1,88,199.5,1.1,89,161.5,,3.8,84,,,,,,427,2.4,78,3.125,,,2800,,29,
808,19,786,1.6,86,199.5,1.7,87,263.5,,3.6,84,,5.1,83,,,465,2.1,76,3.218,,,4200,,29,
809,20,931,1.8,87,133,4.4,87,320,,3,83,,5.6,81,,,452,2.4,77,3.284,,,2800,,30,
810,21,904,1.7,86,199.5,2.3,84,213.5,,,,,5.2,82,,,401,1.9,76,2.791,73,,2800,,29,
811,22,819,,,199.5,,,196.5,,,,,,,,,396,,,2.836,,,2800,,30,
812,23,864,,,199.5,,,196.5,,,,,,,,,407,,,2.555,,,1400,,29,
813,24,916,0.33,80,199.5,2.3,85,216.5,,4,82,,5.4,82,,,413,2.3,75,2.827,,,1400,,30,
814,25,742,2.5,82,199.5,2.8,86,226.5,,2.8,83,,4.8,82,,,399,1.9,76,2.921,,,4200,,30,
815,26,863,0.79,86,199.5,1.8,88,263.5,,3,83,,4.2,82,,,470,2.5,78,3.114,,,2800,,32,
816,27,651,1.9,88,199.5,3.7,82,221.5,,2.8,83,,4.7,83,,,446,2.2,78,2.807,,,2800,,32,
817,28,836,1.8,84,199.5,,,236.5,,3.2,82,,4.9,82,,,437,3,81,3.02,,,2800,,31,
818,29,530,,,199.5,,,284.5,,,,,,,,,420,,,2.771,,,2800,,29,
819,30,570,,,199.5,,,264.5,,,,,,,,,520,,,2.7,,,1400,,29,
820,31,621,2.2,82,199.5,3,74,257.5,,3,84,,4.9,82,,,445,2.1,77,2.551,,,2800,,30,
821,1,591,2,85,199.5,2.3,87,217.5,,4.1,84,,5.2,83,,,420,2.8,82,2.504,,,4200,,31,
822,2,665,2,87,199.5,2.1,87,290.5,,3.6,82,,5.3,82,,,496,2,78,2.859,,,2800,,30,
823,3,732,1.4,86,199.5,2,85,182.5,,4.2,83,,4.5,81,,,384,2,80,2.626,,,4200,,30,
824,4,618,1.8,80,199.5,2,82,134.5,,2.6,81,,5.3,81,,,326,2,73,2.574,,,2800,,29,
825,5,545,,,199.5,,,149.5,,,,,,,,,362,,,2.713,,,1400,,30,
826,6,760,,,199.5,,,273.5,,,,,,,,,375,,,2.58,,,2800,,30,
827,7,556,2,86,199.5,2.8,81,252.5,,5,83,,6.1,81,,,431,3,79,2.466,,,1400,,31,
828,8,698,3.1,88,199.5,,,186.5,,3.6,83,,4.9,82,,,389,2.6,82,2.461,,,4200,,31,
829,9,556,2.5,86,199.5,,,199.5,,3.9,82,,3.9,81,,,421,2.1,78,2.716,,,1400,,31,
830,10,557,2.1,85,199.5,,,287.5,,3.1,82,,4,82,,,424,2.3,78,2.68,,,2800,,31,
831,11,739,0.89,84,199.5,,,249.5,,2.6,82,,5.3,82,,,465,2.6,80,2.905,,,1400,,29,
832,12,653,,,199.5,,,226.5,,,,,,,,,425,,,2.943,,,2800,,30,
833,13,659,,,199.5,,,245.5,,,,,,,,,472,,,2.914,,,1400,,30,
834,14,671,1.7,85,199.5,,,202.5,,3.2,84,,3.7,82,,,423,1.8,77,2.678,,,1400,,29,
835,15,720,2.8,87,199.5,,,304.5,,4.4,82,,4,82,,,488,3.6,80,2.739,,,4200,,30,
836,16,619,2.8,87,199.5,,,205.5,,4.8,84,,4.9,82,,,408,2.4,77,2.921,,,2800,,30,
837,17,559,3.1,87,199.5,,,181.5,,4.1,83,,4.5,82,,,383,2.4,78,3.086,,,4200,,30,
838,18,565,,,199.5,,,265.5,,,,,,,,,460,,,2.665,,,1400,,30,
839,19,692,,,199.5,,,224.5,,,,,,,,,426,,,2.876,,,1400,,31,
840,20,561,,,199.5,,,224.5,,,,,,,,,421,,,2.684,,,1400,,31,
841,21,560,,,199.5,,,168.5,,,,,,,,,383,,,2.55,,,2800,,,
842,22,614,1.6,88,199.5,2.3,88,206.5,,3.9,83,,4.2,82,,,398,2.1,79,2.119,,,2800,,29,
843,23,395,1.6,86,66.5,2.2,86,222.5,,3.6,82,,4.8,81,,,266,1.8,77,1.767,,,2800,,30,
844,24,889,1.4,86,199.5,1.6,84,257.5,,3.4,83,,3.9,81,,,472,2,78,1.88,,,4200,,29,
845,25,877,1.4,84,199.5,1.7,86,216.5,,2.7,82,,3.9,80,,,421,1.9,76,1.513,75,,2800,,33,
846,26,711,,,199.5,,,271.5,,,,,,,,,470,,,1.824,,,2800,,32,
847,27,711,,,199.5,,,188.5,,,,,,,,,390,,,1.67,,,1400,,30,
848,28,993,1.9,84,199.5,1.9,85,185.5,,2.7,82,,4.9,81,,,392,1.8,76,1.613,,,1400,,32,
849,29,823,2.1,84,199.5,2.1,85,180.5,,2.7,83,,5.4,81,,,387,2,76,1.943,,,4200,,32,
850,30,625,1.6,85,199.5,1.5,85,377.5,,3.1,82,,,,,,569,1.9,77,1.811,,,4200,,29,